annual_income,credit_score,loan_amount,years_at_job,debt_ratio,gender,target
56106.12972954593,650,157325.22599693292,5.793445054854121,0.12932658084830617,Male,0
52159.154692214404,753,259554.53415730956,4.2620139849328975,0.248369370043626,Female,1
60964.200286431944,657,128699.0941439774,3.5253667585792865,0.24755384894960228,Female,1
49833.82544212723,763,129554.04486547377,11.446118881811154,0.11605910801149616,Female,1
79760.91098451489,701,214568.9492407973,7.765809134022851,0.2560452853735733,Female,0
64403.368982499436,740,167992.27715826943,1.3745533871927718,0.3893159793371266,Female,1
49092.94236262697,608,243607.65528420274,6.19998965883082,0.2565744080891422,Male,0
56648.01026442222,640,277136.8183639888,0.2890225572409504,0.3136009222989997,Female,0
78703.37573302079,694,145929.33096303564,10.04229714016457,0.44767314559220417,Male,0
32001.900729590758,730,187671.4472870213,4.216973827483059,0.285889502500015,Female,1
59528.41244437835,685,142069.83681702573,8.968778481006595,0.3031109144278259,Male,0
58315.07925463755,708,139612.03037283238,6.610422407674712,0.21947359352565374,Male,0
82789.25885462653,704,228073.63149130665,4.098392044463695,0.3105654441579513,Male,1
60779.18828710949,711,259563.03408159164,2.057705469012387,0.47498687512549775,Male,0
69137.07181360766,673,211807.12049395507,3.8287724407351,0.24030128589974198,Female,1
59037.17734337253,704,193805.38183823996,3.164920634894605,0.4119370324077267,Male,0
63008.53795846414,710,259461.32306278928,1.7340954708228837,0.23283009687253442,Female,0
50056.48623673578,557,274479.97047238244,0.47734116609973753,0.37703095175876233,Male,0
74310.02645239803,783,176172.42883903792,8.63953756517477,0.27524893883234525,Male,1
63629.43407349051,635,209980.52092013913,0.0,0.4196908425166108,Male,0
39475.27441750784,734,167048.80866701648,2.1020872261653905,0.3201345991047766,Male,1
56265.5377728139,721,265129.5198393116,5.876506484621978,0.19792469251365424,Female,1
64249.31807319213,627,188305.1099773203,8.634282510897291,0.270027269446403,Male,0
49613.68530189216,541,152999.2033938123,5.224662753114673,0.48753696283935666,Female,0
65968.90574920214,711,169196.4392331838,6.8254749460342365,0.33143016455328955,Male,0
43497.68650542457,727,175354.08625253738,2.607543507968634,0.20067176154412414,Female,1
61099.76950782606,718,134391.8399402241,9.490640821552569,0.31396191367591797,Male,0
62880.73674735047,696,195870.3712324355,5.412023973695313,0.44902660734318534,Female,0
60363.29185009137,740,96581.21422844839,5.820843743497115,0.13654857622456593,Male,1
47535.748253834434,673,271231.38660386216,7.487447105178626,0.41168204589555335,Female,0
45318.54426326539,750,169608.80536921878,4.8873094719014265,0.15106665399292216,Female,1
67497.96185610557,742,141606.7346354145,8.422357401357424,0.27125393788443775,Male,1
85499.3606186457,660,144383.62651647098,7.9317901109093665,0.11792652426832291,Female,1
50561.04909460817,690,243877.37767257105,4.320013388828001,0.2309029494798657,Female,1
50218.66667110409,767,209242.93270301825,0.0,0.26769477659894403,Male,1
61489.98458143839,763,64832.59764463213,4.397944344874011,0.46379084334715626,Female,1
46099.525367290335,706,186208.00200517717,5.056371533923822,0.384350251033417,Female,0
56713.49206786704,709,176511.77678314317,0.0,0.19387341315410012,Female,0
60055.43507771771,639,181128.82994348352,2.9129577675004548,0.10363767212096771,Male,0
30026.989732018385,670,196812.7357248017,5.915256214120259,0.4710456940592226,Female,0
59561.057794725326,633,240278.73514030868,7.379787487865092,0.22210572064297437,Female,0
78574.24607150453,724,261859.04001445047,3.9789785513512905,0.20754993973660596,Male,1
66432.24750495859,690,233126.80166993066,2.473703930835834,0.1825770768516276,Male,0
50899.49557852055,720,178186.84839099855,0.08959440706762578,0.10398145028534574,Female,0
58653.964585691596,669,209753.8462711301,9.767441904909372,0.411405717941023,Male,0
55194.7903770852,674,264523.0370688175,2.8555782230255886,0.12065671888910266,Male,0
53249.80713006279,783,228238.81321570752,2.931033485297168,0.12118656224388405,Female,1
64840.778405071345,722,100901.77571306433,3.8148594434912977,0.14571787245695342,Female,1
63840.44601470813,677,240585.27858066326,6.255543677471165,0.47344660769214697,Female,0
61236.59629401755,837,209670.31835948586,9.741019312468907,0.2141830881148603,Male,1
64846.18909674043,734,181229.6276758019,8.40391909946317,0.3533728125127841,Female,1
71619.51080144005,771,183432.38504560755,4.245344299447591,0.42390148697426555,Female,1
48801.324801896415,691,278425.9492736277,7.181367444456479,0.4722957585449651,Male,0
47285.49107071373,558,257168.0765102914,9.528571978096563,0.2964612697241802,Female,0
60652.72002965199,701,206555.96623375735,4.674150035184972,0.2754948830041648,Male,0
59270.214726443235,784,262143.12814291572,0.7373180443296707,0.1435441786586621,Male,1
44658.111522023915,740,216125.23301449523,4.750599422835518,0.41287761441858106,Female,1
72170.94831737388,689,168645.3587613852,4.056195657673854,0.48331939322852024,Male,0
38538.37346822928,764,241320.16586652622,2.81482906027487,0.13023835006464052,Female,1
82745.9108288036,726,280053.71530821966,3.4324372117710893,0.39357068945299456,Male,1
75982.20562598026,640,172819.65519534738,8.325333805168679,0.4047252387503455,Female,0
69382.62025246554,722,232215.52500541002,6.113161214646089,0.12707006529024,Female,1
70031.12483388769,699,283146.5723594919,7.740821652704103,0.34683061200249055,Male,0
58394.544600681635,754,140900.90019658906,7.344074359419544,0.31218520001632616,Female,1
49504.117380111216,707,191584.97884141788,4.711363213878263,0.3487532645819732,Male,0
27699.856201931336,683,100502.68650894376,5.335945797863773,0.30046665142526885,Female,0
71351.83019980472,636,301860.5319859179,4.086625936555311,0.24707580901454126,Female,0
51009.11031833967,759,128079.44166027204,1.7976982011185019,0.3810557856026736,Female,1
60096.33404716407,639,252997.50848811882,6.420010026664901,0.22983053425174696,Male,0
74297.04950869868,729,232097.35647218506,3.316847443933196,0.3990578450387092,Male,1
68017.58472720825,662,167941.75353015747,3.5275806005107393,0.28228534606273137,Female,0
70445.81171185074,734,210272.78435181515,3.824988171487903,0.41597308842235203,Female,1
55362.41814797041,725,193673.371012647,1.0653681018889962,0.45817812550668313,Male,1
53448.53644142674,717,198793.54447725133,6.113620290410177,0.32809577697832026,Female,0
67399.76851321333,705,217305.86643988613,7.320673118620441,0.4859292501888991,Female,0
64918.19286239036,624,211586.54710151962,9.599037626747549,0.21756663875622628,Female,0
65610.84854771358,645,248340.3552125272,2.694693449289521,0.220899757965279,Male,0
90153.06808149524,749,133882.62826583523,4.065598415302396,0.2313249094169855,Male,1
63980.435240994426,737,155928.31473865022,8.813090298293421,0.2733277960931587,Female,1
79922.91212773586,666,252610.55779785293,5.0087779000383135,0.47884660129455137,Male,0
44559.42737726893,697,232761.68142568803,8.988602731911573,0.17305559028071937,Male,0
56226.91670933257,768,148812.20261460746,0.9026122158471663,0.4353930762263297,Female,1
77695.87812541064,684,119839.1576692952,3.823856651998656,0.3188156574482624,Female,0
59061.103081507164,651,230182.28694803693,6.069237750603128,0.46011081085107663,Male,0
67947.06266872924,743,112451.2212797386,7.349466968039525,0.11327859444218796,Female,1
42158.82160699008,720,142129.2104892283,7.035648963863155,0.39294716005892627,Female,0
41855.38471963192,751,290988.5893656299,0.9448774039260606,0.1662652669905651,Female,1
92564.1407624672,640,329941.1450037291,0.0,0.4556299666986878,Male,0
47351.30107025713,712,198486.84712015072,7.798686065581426,0.3714168119163036,Male,0
27706.64110571276,730,199221.8455564853,2.7464983411283637,0.35277318514057787,Female,1
77543.8498864166,640,247185.77528780221,6.829854161995932,0.46757389724419895,Male,0
69102.75889823507,700,210593.9589414442,6.181971716525023,0.3381243007373801,Female,0
77859.69412179512,751,154515.97803437622,2.0956142064430203,0.3019843675768671,Male,1
76331.22929556279,757,160461.45404573233,4.7415136877015165,0.4688481559190548,Female,1
67624.02959511885,722,143840.24745623113,3.8375340101909288,0.2980369799972625,Female,1
67039.01384712789,762,143943.2993621039,8.341587193946662,0.324298831149506,Male,1
62845.592514155935,607,205384.97245533092,3.9616871846599544,0.46941710277449045,Female,0
75709.76559932172,701,214363.62570137135,5.552651688590281,0.12456263325644867,Male,0
82819.74077883677,755,19945.744777024112,5.533489399116303,0.1798638746595913,Male,1
32456.919403450553,677,253761.07705909578,4.719172929900901,0.4343405284719818,Male,0
61111.42170629663,744,183688.314777932,0.7403685071872133,0.3740119797076754,Female,1
72120.86697421718,675,119207.6764516584,0.565993234087447,0.3647286391956428,Female,0
62796.814721541414,637,202626.31841076582,0.0,0.1278031186060773,Male,0
47058.36353935319,589,215803.39348649757,9.03285372570379,0.39289610008235565,Male,0
58883.311263507494,606,163662.90475589904,6.261610117712208,0.4335237235491447,Female,0
43691.31091705796,679,143806.0797437203,7.1247986589722,0.15601027578795423,Male,0
47689.76522472434,665,123374.08615851682,8.203993334176916,0.3737796193852788,Male,0
64214.87801602549,668,272441.0054168858,5.06036338874258,0.3139866822661618,Male,0
91832.3429551895,731,331894.08761300996,3.6945837561138966,0.23730686282896163,Female,1
78353.53323627941,719,231486.9757204369,6.392961682479996,0.19194783648090175,Male,1
68334.06699005172,667,172041.8082470396,5.868016716928953,0.3266406870161958,Male,0
43449.50090739189,775,243171.86400949393,3.2399162337143816,0.3217820911466557,Female,1
67764.88530703685,650,149934.26729010165,6.7174142353392075,0.36298854754246146,Female,0
49470.12468289867,724,214061.5246109302,9.54834854106513,0.1627334799585452,Male,1
40102.91807533376,641,174496.80249519588,7.524896767295225,0.38376110788773254,Female,0
49834.26945371841,740,203900.3709239429,8.650170477493841,0.3933113183470607,Female,1
54644.56198790086,759,235624.0882216902,8.301178676836187,0.41236610086181047,Male,1
63125.74211921329,615,229403.83375839159,9.30087505946284,0.1575140692064769,Female,0
56790.16733661736,684,187099.57319011955,1.3329061550382826,0.17042681441506305,Female,0
47295.57977522508,712,163113.16476575797,3.82039698895343,0.1822153882781946,Female,0
64647.31065340541,742,86268.94843969002,4.404292439357119,0.4013798840968422,Male,1
77428.17453912286,720,229972.5343160852,3.8233111659679286,0.3624647225779509,Male,0
49173.9366999412,640,211693.25505046235,4.522551585386816,0.10652236071460193,Female,0
60528.95327957593,794,136526.73669935935,4.87818130496441,0.3830153958458695,Male,1
67120.47349319929,676,151385.08776325826,7.1416323322704125,0.30667055704213686,Male,0
64238.69925732449,734,214697.4693971581,5.538242513146524,0.22430467814896857,Female,1
67107.49381367682,705,154099.04691805175,6.721301329705702,0.4234344677716392,Male,0
93469.50219288949,766,228239.45529538242,6.030792605534648,0.19366747447865698,Male,1
66129.79217221006,686,170364.85885214468,5.8767963684671365,0.3831568122791733,Male,0
86284.05665135435,692,155137.34969193715,9.768323850685096,0.14190330381539923,Female,1
50881.87108986273,653,175027.44035573932,0.0,0.43017476624199935,Male,0
55379.48573721388,637,343260.6011542981,7.066138233664308,0.3922128084021449,Female,0
50073.20302847418,709,162202.46466540397,2.484914359997577,0.30343116874748605,Female,0
70029.8220713686,606,174614.1615425143,7.523123830884858,0.16657283066498285,Female,0
59441.66645235238,771,283855.7935093435,1.5828154771509468,0.10259523351221059,Female,1
50440.38379456808,668,252898.03569193964,10.026908881536688,0.14473592193664497,Female,1
38769.438869243786,664,170607.1847546,3.9767212035751753,0.11325338487728437,Female,0
60315.05762449138,720,235817.00402702054,0.3904079288538851,0.22273525228104735,Female,0
92134.05537917795,739,201631.94183454357,5.194374050370143,0.38771512006091213,Male,1
63619.829023751714,680,195034.2831103984,6.25673483411836,0.3895314727291781,Male,0
86562.00953453264,765,214101.7109604671,5.190625713682812,0.11171748200214826,Male,1
74243.31203161986,667,177434.85678281676,6.852285892781973,0.3794393146908157,Female,0
59107.119659072996,702,238661.99933328797,9.481129277016603,0.11058180219216968,Male,1
85533.22416952858,675,223766.74627137458,2.620336408378897,0.330880894450383,Male,1
56349.24030937473,709,235325.27317736263,0.6682132325233185,0.4323170891356297,Male,0
65779.76069593255,605,192527.21534175056,0.4107531349877256,0.49164486789792095,Female,0
40199.66233168941,739,230123.67181411816,5.649664215134617,0.41878991155832523,Male,1
37250.36175868813,640,235979.9748812446,2.073401193156104,0.2521777807063845,Female,0
35755.340873451176,747,116411.93633359164,0.0,0.4207785102967102,Female,1
100802.53749884429,725,243835.7093193058,3.625589030474841,0.4011794398652443,Female,1
57079.54055824978,732,145612.5662323166,5.40182564885604,0.2263141533759516,Female,1
47666.69406650353,735,153705.5048054425,2.196218315304587,0.28533156061850923,Female,1
65197.32713846989,703,129645.64026079916,3.2505028482321308,0.4881174930995009,Female,0
53143.55615120592,670,267456.75525567145,0.0,0.22576401054951814,Female,1
50827.23295512078,771,174690.5469457332,2.953775605928651,0.310195692083727,Female,1
53225.10785760566,647,263462.783594931,8.706295327270402,0.44836826433995947,Male,0
59508.70094676002,718,243212.41923493182,3.965050514128798,0.11642654949864464,Male,0
58081.2361277885,684,234660.8800829352,6.751511244617177,0.10788789288172503,Female,0
41413.39386519149,665,119141.40549772278,3.386168101000579,0.20746711385113104,Male,0
48025.541331923196,707,233331.39417284454,1.3165143018290237,0.4194712423630528,Male,0
99025.24671270592,714,251081.2382199974,8.559246771552827,0.2965655018491527,Male,1
67000.06472949122,664,153076.64471294574,3.793069931741832,0.16571062636090295,Male,1
50940.22219926269,698,229089.08853141812,0.0,0.2745949397230828,Female,0
60898.989453994924,697,80744.31506534819,6.6639161243954215,0.10922111337808404,Male,0
54728.78646429401,661,270742.03314127773,8.379180349166196,0.2576967951339666,Female,0
50627.72133456482,716,121600.58672198662,0.6190926943723323,0.1710479277820809,Male,1
64072.42966238472,732,214757.04896687082,3.073302564668032,0.19549537814503998,Female,1
74119.65871151225,649,143218.20476210854,4.244663978220862,0.21174252929630397,Female,0
45062.769078146564,754,261523.00238799877,5.554305950747072,0.20639301575197677,Male,1
61279.77213847536,625,240246.66953661627,8.531626362250744,0.45356735857371133,Female,0
62144.1464214556,658,239157.99438885052,2.90917561958571,0.3679563471433628,Female,0
66444.27328698878,729,195572.78927084937,7.468047279722431,0.38107961312689276,Male,1
96189.23132419374,630,257012.52763356024,6.240116087391187,0.21197184866257737,Male,0
52070.74977375365,656,238811.4252362053,7.320642845321054,0.13358228122836066,Female,1
50200.06151139432,663,232115.0617505588,2.026726594005159,0.38905988094434263,Female,0
55773.230867092396,724,178211.77515146905,3.0405878302101774,0.3754048753638253,Male,1
84501.47298451644,715,267109.0065622427,4.16116184028597,0.24448909409371453,Male,1
89312.3615062543,678,184524.50570363854,4.358689255812953,0.22929871357760284,Female,1
45155.92769612129,658,218676.68417058844,5.55488776202626,0.335244628182241,Male,0
38888.04338435167,779,263635.7366985632,7.249299885467555,0.3203650559791543,Female,1
61047.031274850284,703,139540.0644380197,3.611790056010986,0.2860694786626553,Female,0
71400.83945534404,651,330342.9581574885,7.423218667952453,0.39360170181747367,Male,0
34112.89906814105,667,184166.02270328754,11.405963371927873,0.39573447835840037,Male,0
60888.27651021732,718,290837.78147875523,8.914888066371256,0.30010580299098477,Male,0
73423.86565416661,607,179651.28168133146,4.663620669165965,0.26344198828929605,Male,0
74764.83597714876,651,171094.32706421782,2.0035373919978516,0.45037357017812996,Male,0
66146.44193939246,785,251098.13883390708,11.531961143126663,0.47703109275715494,Male,1
47999.421534035304,759,165019.9595648818,4.0772678313087685,0.1458724969514681,Female,1
75899.04576069933,730,124638.70898080309,0.9762208182897867,0.36092768062142044,Male,1
45382.06042994038,698,156119.13215685473,3.3362202787023447,0.14807661657821547,Female,0
40367.69401321332,620,152465.46532923725,7.767443510699327,0.40046148145823135,Female,0
53215.405211263846,725,216049.87818430117,10.022812298213392,0.29909872678255045,Female,1
70045.08823245058,642,155098.63868377707,0.0,0.10379005250467861,Female,0
70886.49935848037,685,318270.38859999867,1.4845060985824245,0.46166547358243004,Male,0
48226.5253037664,742,195232.94544016587,6.088987110298062,0.39655798891189986,Male,1
53560.4666322411,645,188611.45104381826,6.16983679815031,0.21659226903163942,Male,0
26710.494408786974,731,264421.68112516945,7.355379756380163,0.2662239977748569,Female,1
50260.83682400989,701,234947.65358587104,9.865621243355154,0.24896947847000284,Male,1
61162.20777778294,708,205081.50267667123,1.4564193817115054,0.33600498730947836,Male,0
88064.47763057673,691,226349.06956818767,8.528032955593119,0.19695915050075563,Male,1
56954.31920935511,773,159105.40789307473,7.238071858948449,0.2567924451627841,Female,1
41243.88399045424,705,231147.2015206654,7.986580075022342,0.15585535969196493,Male,0
49977.83871691509,738,163407.1345792057,9.058277091844289,0.21385196477572765,Female,1
44634.185379985654,758,215414.60318194106,2.700600706940637,0.4424976166766481,Male,1
45425.789422340225,651,207118.89562552332,9.49563908200956,0.1383902786784452,Female,0
39510.66433199198,758,238523.17978436133,9.109343305887137,0.35659498832223524,Female,1
46632.11661877069,687,207570.36980360094,3.982735116419519,0.13653105774613294,Female,0
57600.922050548594,703,236723.8372500609,5.504691623551083,0.11273669781923915,Male,0
52593.65125258031,705,262725.9351190595,4.068811590573459,0.4658115054547455,Female,0
67725.71529459071,745,196836.3020051542,5.741814356326268,0.2830181629493649,Female,1
43117.66429052435,719,309832.3027489477,0.0,0.2776636289250001,Female,0
64901.1714690348,608,147478.11856220162,6.47301183787326,0.31996842820786525,Male,0
72268.34487037543,703,208324.26362885736,4.403992598531291,0.4958348296562679,Male,0
75360.93788717194,591,61309.253003304155,8.741910951994033,0.4436727560442705,Male,0
74461.30752432536,680,225807.20197931898,3.5733966597939357,0.40251796954415753,Female,0
26426.53150012542,579,92177.73114974836,5.250036052925275,0.2695650349950529,Male,0
57908.305864785005,716,217952.75467401833,1.4689051056407867,0.30376074781238815,Male,0
55361.81436223178,710,251281.60569362913,4.6551472055244725,0.37655457808600745,Male,0
48500.15118324978,701,133757.71095336298,3.559491247378298,0.34354683785169327,Male,0
53404.034125887374,721,128313.49875948858,2.8941281051146346,0.16068264620155936,Male,1
50070.26733305086,678,249910.88279858648,7.548934348119955,0.49835451030388633,Male,0
91131.01197968159,662,267304.98972571286,2.5896971774862285,0.45213927834079604,Female,1
57142.45341003283,622,217369.87432173808,6.378726464933196,0.23197200833698994,Male,0
70193.96623402013,698,168417.4237743178,5.0586375343945456,0.35541001847666587,Female,0
40163.13064884645,692,229676.97161465953,8.184527471527533,0.11841325445668743,Female,0
56106.79983624124,725,271908.4600572851,0.0,0.18083372599097555,Female,1
60101.99766839996,700,187368.75655986817,5.536009325657216,0.4679605465747686,Male,0
64632.49518898446,675,177098.74084927217,6.366940730265784,0.21883638751212833,Male,0
47944.88148045404,621,168592.53001221787,0.5292574301028603,0.23698902249433154,Male,0
67155.61240834682,664,153160.23825203086,1.6506474344478574,0.15973938012778938,Male,0
51913.15945276532,671,233454.2605133762,4.359701908736227,0.2802388516414399,Male,0
38034.376796852695,688,153381.43784090065,4.061213098429958,0.3515953548897409,Male,0
76630.55370874362,742,195161.99484065553,1.6422492733380682,0.3112560229095015,Female,1
63910.10648735861,709,216232.91177512592,1.712482510988126,0.10691759030683304,Female,0
86321.91272976546,767,201619.81068417893,7.977884308938289,0.15684278393303297,Female,1
69680.63924377722,611,172470.64664996468,7.606395014916648,0.22043487218608548,Male,0
50323.203680923136,734,175132.28142929534,7.174488120457495,0.13043574853983053,Female,1
73824.75167886689,721,233825.37382199874,4.226826315241114,0.22061760531554617,Male,1
55573.651286431406,825,235496.63740736188,9.185305719506893,0.43149770629139084,Male,1
57614.321843999234,670,229605.69501424592,5.313542108227463,0.4383847810783824,Male,0
40506.28144608604,623,302603.66557109676,2.6881461496239836,0.23798483390369288,Male,0
44151.635358596206,631,188576.37280952296,2.0299588582905823,0.2796522263573964,Male,0
65837.38793501892,751,169091.24789499154,6.383992139106265,0.350934844170128,Male,1
69333.10716065102,630,194826.86050765382,4.814671813188318,0.41446736857974853,Female,0
40795.43401993658,718,178550.964131379,3.297658156314945,0.33014802593028675,Female,0
48142.88316832032,631,81078.41700633358,6.087349644783579,0.44036252886039995,Male,0
47228.903486095296,624,256442.37437746947,4.148941337218481,0.23211480499684412,Male,0
59705.433016099785,754,222507.7816973324,5.817553970688779,0.4223717464637863,Male,1
57985.81256720544,780,246283.83788569347,6.359665706848691,0.13594316720001876,Male,1
65988.34683907918,642,225045.86645429287,6.513095197155229,0.3727989789122934,Female,0
53201.579260090875,718,87904.20327455435,7.2913993170897795,0.46203361510438146,Male,0
35773.02276141736,641,92354.32421212422,4.440690752535338,0.4623442255170108,Female,0
66577.13608214591,721,186349.66259887078,0.2710730096862637,0.3908370916896945,Female,1
47663.70101426699,741,247658.81271646768,4.987211187068372,0.2518616063474693,Male,1
62770.204587973625,632,108211.5621911455,2.421802367548398,0.3424497555531911,Male,0
54220.2960470736,727,202837.08416484098,4.078854977224696,0.134603707575899,Male,1
68828.67606630914,642,156971.72980930566,2.8736653918355053,0.12221889339505841,Male,0
59949.38313883572,720,204991.3157549884,5.224057527910657,0.3150498402989419,Male,0
77911.6410457106,751,240333.82010821815,4.07535221551751,0.4730468068681335,Female,1
93281.70350172202,638,271009.2469390974,10.625676165450166,0.12548933067548732,Male,0
82224.95103693899,669,216009.39274609365,1.098649313234259,0.48449388155687556,Male,1
63816.31264951819,825,162627.21730208938,4.320417582851486,0.4837295618032855,Male,1
59479.72668919828,651,219298.5046284438,11.49656435661967,0.2071006662158167,Male,0
62947.817545522055,702,224944.15973841064,7.0654879236846995,0.35269447072936433,Female,0
55951.87597059943,651,174785.09920936884,2.0815163222511286,0.28094967080932026,Male,0
47522.66687654333,705,222695.26147206736,2.433416936178129,0.44116283509016596,Male,0
61441.811654114754,639,82477.20736878195,11.916910512101568,0.3337879726578452,Female,0
61527.8444289298,723,154574.87442439044,2.1219351180556316,0.10285200808840243,Female,1
45599.30557080804,671,283333.16296137613,7.161917694071802,0.3685336124412023,Female,0
61853.21543933373,604,159970.48288259472,10.232309553397936,0.4020946124799808,Female,0
65760.98173408961,707,105016.48595705593,0.0,0.22204367608483289,Female,0
60727.82441917241,725,138838.9884969035,3.7888896980062796,0.28863303843769306,Male,1
61305.706023572566,738,136082.3685598838,3.992642183060751,0.16491232972560949,Male,1
85790.66859310945,722,198375.94820789527,6.008968907963842,0.23067124152380492,Male,1
70443.09547220127,678,210034.93471444392,5.644948452363644,0.18178053049301202,Female,0
50060.643615812296,651,181569.03171071503,7.861280767434061,0.14681659307537742,Female,0
33587.86782028836,671,223053.90161482175,7.886631735743293,0.40501027083759034,Male,0
55304.12954215269,648,146113.9627104199,6.460526206902473,0.19189386164741143,Male,0
83131.64928851814,742,147039.41458135488,2.8827333133184063,0.3312562695048481,Male,1
98600.3970487479,707,172745.6385002205,6.260805587169685,0.11494065392632513,Male,1
67231.0009100308,659,186581.56004313097,7.669570855356484,0.4292839768722544,Female,0
42451.24746434568,689,163196.8173265743,0.0,0.3196880399547455,Female,0
47411.85498991491,747,251459.02180639835,4.9601507331229415,0.1099096507737535,Male,1
64886.944748732494,731,180775.5439479241,5.704784375264347,0.32407702169369335,Female,1
34613.030554277706,729,121592.78432899747,11.013269911025512,0.41995652170752684,Male,1
41122.426339869984,783,131897.83145726213,8.332033052162275,0.1052533494839735,Male,1
74329.57812855767,713,161219.66976988045,0.0,0.4636290105445179,Male,0
53002.569311577034,738,292090.7804693304,7.372016956072184,0.25091428974849594,Female,1
35903.30519613641,681,155697.98765108114,0.7731177596238821,0.24467632452010118,Male,0
55709.936671798336,711,207098.99569370027,3.4912710498859427,0.46607748456982667,Female,0
67435.22831958906,623,152562.5652366,5.267594589837714,0.14950426643360443,Female,0
63830.756335114755,737,210424.59852877902,9.814803505261706,0.40896308884929666,Female,1
56114.36781268945,756,202652.96564663094,7.310150326752757,0.46239516250356605,Male,1
34449.26340967268,635,225266.85738236742,7.480515892127343,0.46443405262961945,Male,0
62857.495196685995,759,258920.965878186,7.24680834141778,0.4888885483868023,Female,1
70345.61707867791,672,134422.5431050659,6.282128136412392,0.2123007802985365,Male,0
47514.66640343657,630,207570.3695312389,2.4268004701849417,0.3760525391747569,Male,0
72935.90208574139,692,294463.9397751998,6.611539443625208,0.241889987179011,Female,1
72330.90239991735,680,256797.39229719108,1.2379320427144505,0.4379161441158247,Female,0
74633.17690683539,680,229904.9577523733,8.454996749142428,0.41424071696920906,Female,0
59166.229936343174,705,248125.1442900051,6.9071795793216495,0.40940767609684126,Female,0
69578.88688166061,774,228946.43242856173,7.427775884369896,0.35279283719332255,Female,1
40558.250036251586,797,185046.54573849725,8.334894422423154,0.48284262114241294,Male,1
33554.397669558995,759,156947.51639172123,7.690391996099706,0.39683703702329776,Female,1
51113.036112706584,723,197146.9354284422,5.727808439164824,0.21025414800647782,Male,1
62963.994070386,629,201609.25435184198,7.554229810287962,0.3690268780378493,Male,0
51716.65433578543,663,169091.97756581864,6.667226534128678,0.45188319296162127,Female,0
52741.71248918518,734,157303.3545769972,6.374953817376325,0.19436034667931534,Male,1
65154.27434352692,721,132749.27580346656,4.419977150961132,0.31457215871579686,Female,1
59145.81564418399,694,242991.6780733729,3.1603643225720104,0.42412125493338837,Female,0
32307.18206642859,665,219795.71104790227,0.8580434896695817,0.3579855082980785,Female,0
67661.88132791393,693,228142.72402285654,5.800927349382681,0.4123303333643713,Female,0
46518.23927515308,670,200999.77431032097,5.643389802402654,0.3800136163859422,Female,0
55127.529247370665,704,179846.7065981639,8.636272157968207,0.292990177767133,Female,0
57629.88152131516,688,180330.88511276714,4.105542421400299,0.4497777552824639,Male,0
54177.34772188157,596,200902.3626234112,3.4168957642381828,0.14225713954809677,Female,0
76714.82542003308,699,152675.4602005786,1.7421104877748812,0.1764732156389265,Female,1
50469.56416761556,689,329298.75878419477,1.6809675287686732,0.4152820444286526,Female,0
56269.633107246795,758,161372.8944078882,0.4500123611422362,0.4996598267114636,Female,1
61663.83884564799,680,205828.9256006232,7.084007372355754,0.43290515438805954,Male,0
56117.18399445253,706,122747.17962967824,5.1393838194625685,0.3490313960885195,Female,0
61228.112090794835,736,268505.0926805185,3.759653889584614,0.290826699826909,Male,1
65906.95947324377,637,224229.56894196375,5.361825642840736,0.15250488443714838,Female,0
62985.895433602054,758,245510.78918323727,3.7262055019335723,0.45759135675324336,Female,1
55234.27354865649,845,148201.903569668,4.492013428654858,0.4134694372078416,Female,1
70835.72036741656,640,188725.3288332682,8.319371456883932,0.20497922678553607,Male,0
84586.75208166102,641,264319.1068497767,5.43924287552781,0.32697570050578917,Female,0
73559.02261629293,591,194900.6672703161,7.506000306094506,0.31999899419494315,Female,0
68588.74172034238,718,219938.1882212407,6.933165360614547,0.3220341001891279,Male,0
62471.41261854775,671,168497.57843258296,1.5036754213368293,0.24366906022372012,Female,0
82991.08369503866,615,256238.83599929063,9.241308944873776,0.43718896081942527,Male,0
65717.37577324167,633,237975.0018758061,12.897158614032495,0.17012867135143966,Male,0
70624.55770801596,728,245401.13312680955,3.7322947429363444,0.13642654239498905,Female,1
54497.63382277969,618,99254.93837466958,4.819536501784617,0.12488966906089681,Female,0
73355.74745279679,661,251569.02626386654,0.7250864845537635,0.47087350755173907,Female,0
68694.49759820364,687,255186.00068612982,4.341763037083789,0.48908398942455455,Female,0
65422.55287809153,704,158767.4829854656,4.294505365246709,0.32174561633136395,Male,0
62256.28357715365,781,253062.8129256059,4.1563892137917,0.13201652963657626,Male,1
78985.61761297051,591,155422.82550727477,8.81026407576469,0.1412148523900402,Male,0
55421.629434679984,756,262171.41390514624,0.0,0.48547486638266046,Male,1
52807.60548901135,718,165777.97989569086,10.420576652439536,0.12481810416873183,Male,0
64609.49281314914,652,143298.9907032521,2.869953671325343,0.13729796768854335,Male,1
68367.15459527794,719,102673.7356820568,7.432741317847089,0.13656661964580707,Female,0
70625.3467094903,633,177007.036884243,7.5748112905456155,0.4769831354133185,Male,0
48112.188923509486,700,189173.84012319133,7.345827606355755,0.39437888068928895,Female,0
72907.10232539618,711,223063.60421589157,5.94656882276076,0.38734408756575267,Male,0
69491.72799159428,796,186502.4051587418,0.40220529620671375,0.1259494551340429,Male,1
53757.08392672119,691,236705.31679036244,6.62977089492282,0.39070242295929436,Male,0
51065.08058934762,716,267601.9682987163,2.9883705157499505,0.17535719296142954,Male,1
62230.01185803167,723,212090.10357778743,5.600101361936984,0.22984689692459095,Male,1
87572.75515192683,700,208324.65635575622,1.6745087276096502,0.3741626492161284,Male,1
54123.62776434267,724,216716.35272767517,2.3816451394170723,0.4590456033369541,Female,1
64663.61348397007,674,338998.1812111778,5.974344782330344,0.1831552221052578,Female,1
55550.88811395303,718,165309.77910490887,6.826953339477305,0.1594797273190193,Female,0
42186.023714557305,580,255335.52121436587,8.948528244590065,0.3699185718406224,Male,0
56798.292724322295,693,163951.49457650518,4.004405414534062,0.2155404493326526,Male,0
44637.19763506192,717,81050.19796233879,0.31948752461016827,0.37276206658430866,Female,0
51528.389937435866,723,258942.17220128217,0.548062821597747,0.10704660285644292,Female,1
37452.85570322841,698,166528.15431832548,5.191107079297312,0.18934857513094758,Male,0
55502.42705587679,678,199043.89100731464,5.057872641121828,0.4753865850471053,Male,0
87699.554940715,679,110290.40667252819,4.421055896717931,0.44245982903837666,Female,1
56864.65114070962,742,140951.37581678072,2.940186404455398,0.3668006130723459,Male,1
59638.12369334995,595,276807.83864274726,0.0,0.3351896993481394,Female,0
90184.05668551147,702,127839.9603107103,0.016386784448232383,0.485783707311805,Male,1
63230.94758184432,623,146205.30856378702,4.164030998362072,0.3894717472371231,Female,0
85165.51221114662,771,187147.37955934677,8.484509145445928,0.21398731103092464,Male,1
60569.067531714034,712,270075.0173276079,5.340003391715905,0.4098240999658349,Female,0
59185.577002232814,710,153170.3996878179,4.91355019523413,0.17219320322725307,Male,1
42804.81910471968,645,103295.61272702114,4.618401848052671,0.20419503162293964,Female,0
57139.7639885498,757,151034.98848586823,2.910616730639935,0.24398940727066779,Male,1
46383.65729779619,691,145565.3294761829,9.47349921284054,0.22719041977864862,Female,0
64620.75809256153,729,101395.5486678091,1.6491773476929086,0.2702137190884798,Female,1
75094.39213821662,697,174169.2900619946,1.1314997908280597,0.49187669857433136,Male,0
82148.10524588844,694,136422.5739553858,6.372625802014344,0.17232425401505413,Female,1
64330.85494237535,719,241321.1162095883,4.097194121089601,0.3807019089033994,Female,0
81727.4884483939,736,189708.0070039328,0.0,0.24464653651273296,Female,1
59989.37108135031,703,217157.92770987083,10.03171877892337,0.14292746418960603,Female,1
60105.94737942264,682,207439.03174036526,15.133304723868086,0.2836519631101746,Female,0
67473.32622745178,695,239537.96561162645,0.0,0.16442967122778746,Female,0
52259.32907673939,619,154654.85626389695,6.5096971535974895,0.4239505660154278,Female,0
72508.83231823356,715,248821.5688599034,5.578968925318788,0.14417725077646046,Female,0
65007.89949852802,785,198271.78800780984,3.49050944286093,0.40197073465507793,Female,1
49579.303033664124,724,189883.05465649563,3.4817321264243346,0.30629444176574794,Male,1
58947.51432812029,709,145054.1872635903,0.3050783196746618,0.423607416906679,Male,0
80592.72712014796,718,206999.10481606767,3.8288165986485723,0.35131729139262113,Male,1
70249.93489216604,683,139557.0567689639,4.271814232066914,0.2669365893065303,Female,0
45901.45348336703,688,197207.39086735947,2.6699178410835684,0.4862043298271732,Male,0
59435.47946362727,750,101835.54260805128,6.3641131892503235,0.47929781428898743,Female,1
53065.87066942436,707,283643.4100949265,1.9532558610483646,0.25622484097081266,Male,0
69888.68502648608,663,184358.1763474239,4.8323106001592135,0.30232427340788603,Female,0
47935.26360510012,725,135237.06896664394,7.4539762977720105,0.39027673956589837,Male,1
38972.23405811579,682,210518.35567704434,5.042325068759374,0.22763813594919521,Male,0
36282.139469518,771,281962.8258370876,3.079560484718901,0.13391224949190175,Male,1
71750.85763923894,639,207582.86360725088,3.4288871513314243,0.2639918903546268,Male,0
47572.54462829631,689,283232.09109831374,6.027352637530704,0.30039873464487826,Male,0
67215.13847605069,759,128063.99494715652,8.081181280619052,0.19225385826456534,Male,1
43985.69355926108,734,195887.31501642734,1.406126112978014,0.4589355862275075,Male,1
93786.53708016463,676,161247.751849188,3.1319847003428514,0.16903431761970883,Female,1
52984.48198032163,640,280280.9916282559,5.647006312800856,0.3537920292693921,Female,0
66803.0145227097,763,204965.69074756748,4.179117168820196,0.12268605531289022,Male,1
71258.68751282648,680,161719.4421484906,12.740875696072326,0.22372306619411908,Male,1
57144.91982874588,697,259094.50212794467,7.181503966676302,0.2504660441724311,Female,0
17271.86069054887,713,229876.88529473642,5.715496777019163,0.46335301894850567,Female,0
41787.17080818402,723,129363.71205497219,6.0857428121915795,0.18776625542276154,Female,1
63674.49856663084,648,192817.02350514408,9.190280532195473,0.4178507164107127,Male,0
54460.84291130695,618,197160.57020568615,5.160152817437066,0.19172758012306157,Male,0
33321.18623990225,754,241824.20689824707,5.842785490843479,0.46829517427722245,Male,1
65702.96776508944,647,202893.20237133783,1.6707496163351774,0.49734700035283563,Male,0
34389.630636105794,684,219146.08550286316,10.155318846808143,0.3028190636190713,Female,0
69444.43262885418,756,170710.36382756548,1.8108911814388455,0.4609231893768395,Female,1
41635.526455659514,792,198397.88146597566,2.0310471015069096,0.292621358850904,Female,1
67526.74104251317,696,77964.7992612458,4.236176041958349,0.2777540106552224,Female,0
69155.55398150197,648,256384.31472582146,0.0,0.3385310420015448,Female,0
51696.176374380084,682,213877.6256746766,4.445369731264203,0.25119524648398467,Male,0
38271.12878049684,673,220567.88155757196,4.240739476957668,0.3827987854521673,Female,0
62526.91464404421,684,275997.600295715,9.302003011191383,0.10307912118188511,Female,1
49307.313259842536,759,164000.52333890303,3.2243718009707227,0.23002060944383504,Male,1
68800.40702212912,695,220484.2671873275,3.467948185413048,0.16679115289160418,Female,0
94719.87850010264,647,259964.97864607928,5.85916023186617,0.4465660518099297,Male,0
53290.17156511873,666,255086.89308931044,8.899613730591813,0.2074216424838718,Male,0
68250.78148536828,679,185842.40575600622,5.700785243784729,0.308557894505174,Male,0
33588.55861266273,714,147497.26050884067,3.5273813153193028,0.2266150925339836,Male,0
44111.79717166573,679,216798.40867202883,7.220376992315733,0.4155908751409175,Male,0
48113.70118500058,610,191381.2521273169,8.332259517243926,0.4104519890457595,Female,0
48987.39301832256,691,125138.38027579134,3.951725148092878,0.345405873087005,Male,0
47872.595956602185,690,195244.4176149617,9.126790892912625,0.4130942841440768,Male,0
73086.85992420217,761,248238.49471512227,10.404585223496557,0.28028719421285897,Male,1
79937.28795198648,794,211604.73189642685,2.647037089099233,0.12248382314648887,Male,1
70122.29238249906,664,171746.97632244037,9.003518400013514,0.13055732671812229,Male,0
45909.96909271869,670,258912.64237740013,5.415905085591353,0.3987392485184472,Male,0
53798.02258315086,730,240482.87650741206,6.754860479259333,0.38606878104383224,Male,1
68469.088888404,665,161682.3695367492,4.19396636742513,0.302468034262081,Female,0
35796.57903184889,706,104540.12705113785,3.303950142496717,0.3092872079869169,Female,0
56878.16624464087,770,187928.47176375033,2.9828192470204935,0.4190262210138088,Male,1
76900.57705241375,698,240513.0022187667,2.616022447562588,0.24101114050554054,Male,0
56602.8166214771,696,242760.07538741312,8.028757903673581,0.3334448864564199,Male,0
66201.52354835552,739,197017.28440039043,7.571475165269865,0.3305839425836936,Female,1
67145.36654034328,736,270567.8430872812,0.0,0.22768441435490902,Male,1
69118.44764574809,695,145579.43821635772,8.948022259155495,0.32629116453771695,Male,0
62959.3839844681,707,275770.69076741044,12.278534011525325,0.3056752723684045,Female,0
60746.6053077144,659,132356.70555179805,2.8269091045896175,0.14355264641246632,Female,0
36693.618509759035,661,221777.3159496182,6.684720411713314,0.1802574731828783,Female,0
72390.7075716226,759,209747.75462060937,8.828791963620663,0.14618791007115517,Male,1
81140.2116027837,713,291694.82730121876,6.184644470007733,0.49869056042309323,Male,1
56860.29270630958,706,171703.14345537973,5.368186723116451,0.48894619391199134,Female,0
80990.33154879004,656,239259.25411551882,2.9645158085383345,0.14352295609202625,Female,1
76645.49762934334,728,249727.91178708107,8.816595662750291,0.30605506938444027,Male,1
46379.638867181835,677,192632.9886689247,4.416525545405672,0.35647985329285925,Female,0
59444.44804427382,760,149056.50214666323,4.077617299954573,0.1463411108015058,Male,1
38960.920923004596,657,136481.8976837457,5.030063455221708,0.13727551438892516,Male,0
44791.56071561194,647,179939.5396727661,5.5135614312369885,0.2792955386221586,Female,0
63806.094922418604,700,89071.50170244502,7.060482486358516,0.10167886433222609,Male,1
70641.77725708559,736,185024.24812262613,9.482425691800476,0.49128946743254986,Male,1
43451.87451417475,657,141453.75530962733,3.494024119456386,0.3573297254703153,Male,0
68766.19470708727,657,199482.38550461316,8.413573327908114,0.45579599615981203,Female,0
55189.98561664212,686,154867.282000609,4.622541945355001,0.4170364560786177,Female,0
65877.0600810382,683,188447.02315795506,0.0,0.27468902326226663,Male,0
73115.83771069092,700,185592.19847444413,2.9717878541191713,0.4532703882457293,Female,0
67790.19771361758,642,244917.97841734928,9.2718615366235,0.15181064396014096,Male,0
65215.14725307505,764,126167.13882409733,10.610416078463917,0.30221668937189583,Female,1
51741.94725762625,747,127062.08037346533,8.970022767469814,0.25405002836768886,Female,1
71052.6584563865,739,218150.21424030385,11.89990737315942,0.31630729313093453,Female,1
52934.425415725156,651,201587.97282907253,5.0931902791967945,0.47690446946342446,Male,0
82550.97452650726,727,129881.53582880876,3.8856139367369438,0.2299546425924875,Female,1
68374.90368782583,749,299181.682621801,5.120923097990744,0.23524630866382512,Female,1
72711.32515725633,717,216661.5267495011,0.0,0.23960748501697726,Male,1
67696.58697264123,750,191397.9320367264,4.420534325451263,0.16509964311295225,Female,1
54442.37852114956,669,89854.33233971408,8.440888604765508,0.29258516705495397,Female,0
52106.28215223868,663,216937.9081140183,4.638070897610495,0.4052986294056692,Female,0
59465.37776553775,688,130038.58703876844,6.2991918402239575,0.3746866638419395,Female,0
52473.64434623195,715,183348.11904731192,3.787714064502801,0.39846020153071515,Female,0
58451.67370601256,632,249784.6877185181,8.02135347023712,0.4012750815392697,Male,0
20235.45287410482,692,219287.49840908474,2.2252225528421783,0.1783300195420631,Male,0
86039.45704747873,696,184546.688163087,7.468965776009965,0.23549779769746887,Female,1
61494.77047631462,703,159192.2505485978,6.711458258239072,0.4372439826305611,Male,0
71694.9079840401,711,154900.36752784014,6.8292131700101155,0.4314779768976008,Male,0
43555.87369657197,719,229481.96156787,1.4920542047405934,0.3105994109312965,Female,0
67609.11046660946,729,376452.7593785242,7.747471344792813,0.25222645317888653,Male,1
95458.08741929042,719,276877.5659517172,4.626354560940729,0.10619996667612841,Male,1
51126.42916746255,718,242848.7768491393,6.1185267459674755,0.3977123757176657,Female,0
52113.674674788585,751,193674.0551523025,1.9840546220082933,0.2741165325981328,Male,1
64306.86247802736,730,186486.61978180555,4.247498984566308,0.44004754722244477,Female,1
48685.86224970963,789,231245.17973270215,0.0,0.24986123666130441,Female,1
45526.14809129843,712,159280.09062768382,2.0661834933420837,0.29595765685233,Male,0
82846.86115904486,725,148695.9577902188,2.221510209550375,0.4036363845584109,Female,1
55780.0866432268,671,113946.12395197654,0.6759747628538912,0.3799837650855349,Male,0
51638.65420337518,574,178804.9463833702,9.51558799663712,0.4086562948781207,Female,0
42934.714943627754,788,229086.1682485253,12.80743962462294,0.24157107063012148,Male,1
72502.93442413387,710,163148.53194236514,7.983136192976139,0.3041501626515449,Male,0
58516.65520213286,623,179051.82772393827,4.186110310557078,0.3524696816036028,Male,0
66931.55211394906,767,204226.3491892162,0.0,0.41125026451460867,Male,1
73224.59635424176,620,266049.7894770355,5.806552359202976,0.12038961431666456,Male,0
107066.22800489991,753,307956.0577301646,5.673260115146751,0.28290432183672826,Female,1
54585.507512713804,726,223657.27266338933,6.454203943906771,0.16182886058990703,Female,1
46993.0467643365,717,141129.17473753556,0.0,0.19287142007344205,Male,0
53894.455306098294,708,280793.6245061157,5.4903432398524314,0.23701569180384308,Male,0
51274.786290770346,670,157308.84562478116,3.564337199846845,0.26975070680555124,Male,0
51917.372157108926,841,259680.5877586294,11.315259918003507,0.2851749334308734,Male,1
53247.16102722882,773,266711.45970863453,9.687063528119689,0.3901242302162802,Male,1
68154.00231891648,748,297655.3599136287,6.43411344557685,0.20344750852419047,Female,1
77142.34221772531,752,227598.21296659138,4.750484684196142,0.25253432684891375,Male,1
76052.25357474641,697,310492.7832874232,5.724227349110141,0.3446951623369887,Male,0
66930.91339877844,720,247219.26114176947,2.8116888534570523,0.3384394110680383,Female,0
69931.9601178157,701,209291.88144513767,5.319481940870276,0.24973022584514154,Male,0
47504.15914498862,681,198515.56048570108,5.645095828830368,0.12444118259464143,Female,0
68628.07524159849,675,219409.28978273668,2.0766423571691117,0.4959739805851998,Male,0
73430.331461439,650,140622.341661248,0.0,0.3768122780612454,Male,0
42784.62915276499,741,192640.36246159943,5.13172490563147,0.1430314810855451,Female,1
43446.160241763435,682,163784.87328961666,8.355014410379384,0.26098207131158785,Male,0
50310.53731313197,781,224267.9953776595,2.4327722601454784,0.11489248070091672,Male,1
56571.00126989972,783,149291.78909365158,6.3214834884900135,0.3623337550469622,Male,1
59686.47609053778,755,102632.87629295929,7.9855029954758185,0.2663155606309012,Female,1
62397.84587996101,758,279648.20480136905,3.8562881381813794,0.283085620599293,Female,1
51806.33327621276,711,215306.72765513777,6.499464907921428,0.3612522681158624,Male,0
58027.911064924985,697,207881.7279220472,4.438503356408417,0.3849577207811953,Female,0
26832.970364881723,714,257800.33347255635,2.4633434709361586,0.12136666877380425,Female,0
56776.18454566897,768,295127.910261478,5.84575406225315,0.4650410086955604,Female,1
43540.46208550734,672,162925.08750436374,4.6734541247925145,0.2871105059944139,Female,0
81156.88717805257,723,259523.7492596741,2.086430392586025,0.31908628327169436,Female,1
64028.88418294885,602,154419.13489230486,5.65221755818101,0.47640792907889373,Male,0
48720.460023917716,636,259679.3267738131,4.165640406900998,0.2779317030391836,Male,0
65736.14619276076,631,157455.79554805506,1.2459314532821395,0.1279265205942248,Female,0
86082.77027779997,710,204243.2729180552,4.147436353535664,0.11230117620388654,Female,1
61961.10865929137,732,224698.86911028225,3.698028613352129,0.4377334196797351,Female,1
76412.87277706423,668,222002.99645115726,11.120401657990756,0.13074684135270195,Male,1
69707.93909554112,558,150883.7863861612,3.3761027151132805,0.23498987801466922,Female,0
57723.22357446625,683,147990.06445222633,6.285058741314346,0.24557555336161718,Male,0
69067.7298953305,646,232077.0822468006,4.755632036666362,0.3050335867736933,Male,0
47565.07483616892,716,188920.01528074802,6.26374213607294,0.21373756392791732,Male,0
42874.66328799742,640,287243.07033117465,2.113576315428846,0.43698885143734323,Female,0
62201.89517978324,604,191098.83549680808,5.678912623235403,0.4656753696534044,Male,0
80343.60042856235,716,186353.33398872436,3.8987760619454512,0.29153312633267264,Male,1
44940.63941877752,736,208432.56838050977,2.5899187017029184,0.35584069940524643,Female,1
72307.23271796046,734,250541.98675101568,8.755842363539472,0.4554910914206859,Female,1
57361.712813514954,687,113796.90945659822,9.736835278153926,0.2797344237741737,Female,0
54760.24805822704,697,212173.7538568385,6.010136886261834,0.1947825450352627,Male,1
49963.908920101254,581,223212.5619061502,7.881839697510456,0.1928514408412424,Male,0
49044.50052424295,679,214560.13775690162,4.841734675997703,0.45930363346992975,Female,0
68444.53855035856,702,131498.66863177854,1.9257477497708297,0.2712597767969408,Male,0
67080.03406378912,689,279476.1518051931,3.854686409977871,0.34023868143178004,Male,0
42448.304609109604,598,154226.14854548537,5.423343490116779,0.1651664419061163,Female,0
65995.31927628962,603,110968.71635462555,6.46022450647418,0.47219232783194676,Female,0
31801.134222914323,720,162883.5993561714,4.729271355679034,0.35261476389706414,Female,0
70473.34970420385,631,235372.88554321905,8.59153559438574,0.30040822880625007,Female,0
83257.50739221115,761,246404.53054955407,8.074322336845185,0.4858742225787367,Male,1
47586.146690269205,677,219818.34782336754,6.196138405371032,0.304398716773737,Male,0
92297.73686267334,615,191416.31730376082,2.571959945615359,0.32543133711061956,Female,0
68121.94092307182,687,174856.5623164522,4.598661882436281,0.11733824797093032,Female,0
51838.289968287114,675,151830.18294007157,2.4451482794398753,0.27590740155525745,Male,0
55361.863844252046,736,205309.14597201083,8.172281861342409,0.28755719420351356,Male,1
37294.284110807595,664,209594.47725108237,5.131701599370166,0.33510738504243587,Male,0
78541.96082709327,689,233734.748890431,0.14353228404067853,0.41833306358017663,Male,0
39724.730915755,716,161683.8737609287,5.430252892044429,0.2278782746665002,Male,0
56481.1929993728,728,164096.76081908678,3.5003868964849034,0.433895181910787,Female,1
69230.5122601958,684,200626.09321648933,5.213861781648385,0.4646732017318944,Female,0
64287.98086087358,715,254739.92511136626,5.964753621118268,0.31686796417828594,Female,0
55383.32647570499,629,94508.08796871793,5.655016251326482,0.41411786668906936,Male,0
74063.55206439838,692,251545.96691834537,4.764227612093542,0.3424357362226147,Male,0
46435.25062343387,647,159878.49800675816,4.544146629584042,0.17243228092317642,Female,0
72347.55875942872,683,219121.66578462676,4.771282948038207,0.3605601434803667,Female,0
70710.00741138138,766,162560.0101989973,4.801662818143979,0.3745679575990568,Male,1
56630.50275004463,664,306081.5653665102,1.7504346600018499,0.3858888807237706,Male,0
15894.170480035798,695,232234.49016421166,4.4538787067430325,0.2872408177798421,Female,0
88217.35604160884,776,242658.2653206596,2.461880982117097,0.4951093328548489,Male,1
52681.32887781446,708,219768.6840592833,7.849667204747876,0.2295742264312135,Male,0
67837.71157898636,691,251373.96716763458,1.310350654140378,0.25769509445172045,Female,0
65156.81822324828,654,204631.37939744617,0.7108272709088865,0.48027277472283303,Male,0
62652.31308209097,680,258249.54412819614,2.8508171188977616,0.16962565496292337,Male,1
48826.46032790326,657,303888.87925992225,4.1456133300577,0.3653777574555864,Male,0
41330.179450328746,754,209390.0169021261,6.302790949766215,0.24625686508168454,Female,1
28738.305907521175,621,226517.145083529,4.006282073364815,0.26412224542396606,Male,0
65196.72314245463,681,155814.04296544686,5.696583513926983,0.20069778571301217,Male,0
74350.53475191876,748,198042.7986515829,5.699855123263616,0.14461996293874294,Female,1
78536.73287733231,713,190540.490936246,4.856042615448256,0.29177849149480234,Female,0
45324.40833577452,658,155806.55524296354,8.469744954782719,0.2950261453115699,Male,0
55462.95470267808,725,113109.76920767502,9.870587632675418,0.3977953559797065,Male,1
60311.905615131116,721,249714.94133438118,5.864450124620764,0.3889264709175816,Male,1
64434.36733120643,717,164666.54479634296,6.794516451004384,0.34299135780124723,Male,0
38628.77720679815,757,186243.92858724768,7.6431766761723,0.3566948179256093,Male,1
56542.13062229624,674,206629.88360130505,8.083877006773394,0.24112240370636231,Male,0
42130.44754196027,766,204618.8395819962,9.193532921094494,0.4681084790406155,Male,1
37263.83827504152,660,292319.79602996237,6.417919288970035,0.2562562619217357,Female,0
60431.17234402226,783,221121.748645072,1.6480189732062964,0.47788362033016496,Female,1
72817.87840599923,659,141289.88521399267,2.9299622005562442,0.37771084683185563,Female,0
56556.77016959479,620,312046.32781028963,3.284291450570228,0.13293859829831456,Male,0
40432.9574924272,734,239207.32081767492,9.30253110956098,0.42801112890617,Male,1
35407.73756211849,762,223821.50833585626,3.0766650375416913,0.4526124192168025,Female,1
45759.01666752085,665,102921.60996898894,3.6269463149627663,0.3434049370101387,Male,0
49498.1877759124,619,164140.9049638764,8.140863603284627,0.1791418598710658,Male,0
31316.17536870335,748,180448.76665672119,5.787925963615072,0.3287502865883807,Female,1
46955.053780879585,712,175971.27933987626,2.1025196873121077,0.17994411890967954,Female,0
76481.65277980786,722,260606.4602116743,2.1408786099054504,0.1974868528670105,Male,1
65567.18810056963,644,219560.4663618697,3.117379991767782,0.35837367392037534,Female,0
54455.84495934549,752,152929.84154989876,8.630498286095957,0.35680543387009644,Female,1
71300.12431656799,642,154515.5105795833,3.4042054751237227,0.41282580862897245,Male,0
79164.97343682637,726,159473.5685089187,7.490484117038913,0.1194133802918676,Male,1
68824.75809726864,689,234940.78351402382,6.175486123148305,0.43923786552044863,Female,0
68896.51886952575,743,226034.47482113342,4.307641543691833,0.11565290179354376,Male,1
68206.46071755057,788,196577.6753666792,5.6605679426153985,0.39843738487769076,Male,1
66592.51845930339,711,99489.16727169686,6.141560915948909,0.24209420693220107,Male,1
38900.08354727666,626,191024.271256376,8.457045916885777,0.23255723507860648,Female,0
72212.276431774,734,203286.88300236437,7.1118940303827,0.4238609328281807,Male,1
84425.94934692807,696,150153.41867989366,7.519833619226082,0.17168393982441027,Male,1
69682.26271711613,729,157019.3243060773,8.185449937969196,0.2914806727561401,Male,1
74472.77449646186,749,133996.14061313492,2.44765175411554,0.1333877180727829,Male,1
45543.61610684084,670,205089.41668536636,6.436542719653206,0.2692957765960746,Male,0
38672.83999887234,694,181224.99799622144,5.362370697503331,0.43813404880905693,Female,0
41152.396585811155,721,150623.85187865025,8.787732220892451,0.2920693767438358,Female,1
61921.56622366184,680,146698.39141861597,2.2622354054671203,0.474578569124703,Female,0
31300.79633013303,630,254708.97737607377,5.446426285038771,0.20861339316340102,Male,0
49036.04940087121,626,177240.05475919205,9.17250064452993,0.16341661423664416,Female,0
78836.34188360281,732,181218.316964133,0.0,0.2439846099532622,Female,1
64209.54606735204,632,87210.43344526262,8.64801961673443,0.34277816513528153,Male,0
51348.43004147501,721,207271.36087028796,5.622626884666226,0.28272653048252794,Male,1
46237.457684786044,743,213038.34087415316,5.745635315356962,0.4979399228247171,Female,1
67716.58251088124,802,209099.4941311399,9.067416018294503,0.4756789731303048,Male,1
55890.10377256044,741,247179.8888136473,0.1888115749103143,0.46048349433664504,Female,1
62984.22220194742,801,213440.6178206077,1.810223940406166,0.3059951418911332,Female,1
38922.15229794638,759,167550.07397634213,8.713214317247676,0.27714332383176765,Male,1
58052.689503998605,725,143961.6174651875,7.774165416540263,0.4351302879694404,Female,1
55568.97884791456,807,183326.9653409114,9.363615382663273,0.3091310109243715,Male,1
55622.83096626684,703,211772.7897555557,4.3900451437474795,0.4225581173339933,Male,0
28141.564135352895,710,174241.4550453991,1.22280526565542,0.4999699307332707,Male,0
46490.68898028197,648,198083.80821513137,6.566061905332299,0.41694038574197223,Male,0
56000.21506148378,710,231610.8157015925,6.645389820621713,0.4903157345376459,Female,0
38425.8303252395,786,174768.31288553827,6.343792198318841,0.11374521168674444,Female,1
46133.010178056684,694,169695.80838901707,3.149809670130795,0.3670115272896678,Male,0
77516.73092489711,717,219869.8511729617,6.667478082725382,0.23661924676927054,Female,1
70293.9028556177,768,195645.7636928425,7.816871534704554,0.3718216476429156,Male,1
61179.52785474136,729,335539.7149520266,7.019401076698905,0.398583903688711,Female,1
58890.78651587411,690,167195.1381997179,3.201932884841009,0.21846972584064095,Female,0
52957.88421097572,754,257003.39232475802,5.915452507624918,0.16234414703483085,Male,1
58185.77777088327,676,87720.70512174186,2.01823721247382,0.2973057736420426,Male,0
70229.29456942446,697,316234.9457161709,4.1456317714538145,0.14077276271222805,Female,1
70290.7718999766,769,275042.1515140189,3.1627313272973954,0.2514762653332009,Female,1
67696.2813014594,781,157961.40550506875,5.585486141425454,0.3149241036014442,Female,1
66060.76285221807,718,253142.68465166082,3.970425293939864,0.2574653656222563,Male,0
57092.60791840795,674,267242.70155903476,5.229554186731134,0.3378210249443792,Male,0
35887.75148158159,695,199171.57950887398,5.746681907399769,0.4319831675821274,Female,0
46359.18817807891,669,207387.79537000644,0.7332964954793795,0.4708048451700323,Female,0
51775.69055264098,643,154212.24794332197,0.0,0.29005887206275305,Male,0
55382.87293291674,670,263594.9772711972,1.6128067345030948,0.33207796129919076,Male,0
45474.83317704547,696,98748.00431619135,11.35040916489156,0.3733106441689559,Male,0
50871.154151404495,805,193022.8978536048,5.112700576121757,0.40312532227770637,Female,1
31851.709409371888,690,180790.91671465122,0.0,0.12146086560387631,Male,0
79763.9630341194,652,93210.00756325973,2.340082492386206,0.4320261488783118,Male,0
64523.210135004185,712,148448.73624263465,7.732833211518425,0.2954575588395034,Female,0
48648.073671458085,742,283280.1606843264,8.135168435693618,0.2159833287215147,Female,1
57095.10811080423,752,320241.8771126986,5.000671843987364,0.1444591309868436,Female,1
52603.15766400342,681,194342.0752771958,5.679628252792988,0.3165717577219987,Female,0
33212.002620988336,687,244882.78858248718,2.719146684135219,0.20123376128857076,Male,0
57196.557627570226,616,216638.0239318505,2.525117940226277,0.2144351112819876,Male,0
69287.31391507796,686,121350.53714635695,6.498676724747608,0.3293507152006234,Female,0
65744.83477111392,682,186828.8182440248,2.8560076494770223,0.17265729462308643,Female,1
54859.68608879477,642,218450.82189125835,1.9182443374846132,0.18176150990621448,Female,0
72236.05818808945,588,128856.15460942229,8.0831562463386,0.4603347921129294,Male,0
55202.28715117734,679,213125.1445425917,1.4425552669551642,0.1441737485234866,Female,0
52835.13829852325,730,141111.9271004321,4.064643280231926,0.32429727840616684,Female,1
77785.56231994496,656,194506.7938449032,8.595105708120379,0.23939813929840117,Male,0
68859.82246038463,707,168336.36476448638,5.767931439256313,0.30268470557311933,Female,0
67668.03899287472,673,202702.58314230005,3.257776728330649,0.12817599438810415,Female,0
59590.43190735102,673,286398.19176908827,1.9530103073605223,0.3735921330240758,Female,0
46172.1028031203,711,246264.09463584155,5.355050603370309,0.28474578360006786,Female,0
69770.86876958697,776,134770.52780997637,6.59867516068112,0.24356519639921226,Male,1
47743.67053397714,724,274900.5885152214,2.789295943304603,0.19015755772673193,Female,1
58451.17859776429,737,213187.7792411288,1.1678865993481464,0.24008077012518736,Female,1
74074.25708963997,630,152552.3586115661,7.80143127822499,0.2527487008938002,Female,0
50912.0876886166,797,183912.3648004896,5.045369784753661,0.23715573183842242,Male,1
35901.34348891981,696,225530.03452051568,5.054692991411351,0.32734447297430985,Male,0
45282.517032904776,729,52842.92172641333,3.959750326975272,0.2913747352163506,Male,1
68958.42327380077,700,239821.51833210554,9.644024662456077,0.3066641983207761,Male,0
82985.51587017174,648,177365.49257452332,5.132193904738813,0.3295645624133592,Male,0
60153.4959152938,736,145904.28156434334,8.099569593089443,0.17445286174723978,Male,1
83070.54849698953,785,124572.20158935718,3.438108180313103,0.4724899036715592,Female,1
80106.75669034716,691,256389.4013555823,3.634338257351884,0.22683551490965026,Male,1
63581.8373853977,703,105693.56480244869,0.8546924342968882,0.40930446083199545,Male,0
77691.60181081931,798,154859.55365186,5.509923619247808,0.2713401135252603,Female,1
94060.39286706594,638,122827.45284071265,5.807918568687015,0.17691668929243193,Male,0
60007.91938284896,650,165131.78860419145,7.666963247550929,0.29944978530651345,Female,0
45425.14898188071,640,153553.67587696348,0.0,0.15299958250651466,Female,0
73892.66321297461,759,261363.69110406312,4.196703443825466,0.20283272874054728,Male,1
72442.12262897623,703,181130.6741268895,7.824857040654472,0.172257493289878,Female,1
57281.637401728454,653,222471.6757973631,0.015257032466023723,0.2552645791841268,Male,0
62997.1565057807,724,188836.4205783345,11.71091323118489,0.23045988684774465,Male,1
66222.98250542866,716,162432.72651983149,4.94498580009887,0.31580917740505987,Male,0
51625.473690809544,690,158735.4019584568,4.790444395449071,0.4685145646720429,Male,0
59163.46383513441,655,322618.4956434362,4.901376544542697,0.27306404307628673,Male,0
61050.78244669772,700,168437.94318796496,2.5209041442023943,0.1397997657026463,Male,1
45932.62440127316,666,279105.83756517834,0.0,0.16305441433319223,Male,0
34461.245936432395,707,165975.2976117976,1.2645482721197432,0.3875511921576541,Male,0
55030.374252250156,708,294757.4306054485,6.775403573435048,0.2334398323369109,Male,0
35586.86343175256,690,183034.44064309204,1.433176645839954,0.3207160254317983,Male,0
56860.14484272201,732,298617.22395411,6.726070173560377,0.3103571874315999,Male,1
78097.63449762535,721,197935.43191076693,9.838605112121385,0.18228171799062795,Male,1
62750.130086075274,651,203225.2986431286,8.665414054930103,0.2411073863427823,Male,1
51960.54832328928,710,135720.0442973614,3.694842199292421,0.39597250058816325,Female,0
55058.28320479363,649,115636.04601794157,10.855787268552271,0.20770412658839105,Female,0
44116.386194151,661,213875.79294409452,3.9226051156733757,0.13064116334328407,Male,0
65126.339636657394,659,198780.07163819217,2.6128470094381657,0.42220124450394536,Male,0
60873.13077669,681,185058.9955485398,0.0,0.2781278472895008,Female,0
50616.55947735706,663,248389.7234501713,0.0,0.49711480730543456,Female,0
61073.49355829089,753,189210.643683589,7.6298176395265385,0.21908793922340677,Female,1
71270.80685057683,589,216967.790637811,3.785912429410021,0.43476137812666193,Male,0
78089.91774820224,706,211882.13281499795,8.822190750548447,0.1262761717362587,Female,0
33618.90770365328,755,176671.29643986118,11.080451348127177,0.4270378187806185,Female,1
91151.21975341262,604,167405.57087343096,9.700564121641358,0.33779934629990344,Female,0
67706.78926368314,741,206459.3736665855,0.0,0.33886028179325894,Male,1
82199.16208335038,689,154667.57274228535,4.864867645967228,0.3892137723403183,Male,1
56214.69746810569,658,197558.50820331485,2.9842480686050283,0.3714508019953008,Male,0
49035.6558642679,762,188848.7159366799,4.595029316068816,0.35182362239805864,Female,1
64073.6825579306,712,244502.886623773,5.5409151540125094,0.20138765649715756,Male,1
41411.12407719791,719,248892.37823271658,8.923892577648031,0.4129532372894201,Female,0
45262.68909692536,817,96734.86124796949,1.1687463130066433,0.19803876701145448,Female,1
74111.56781982323,717,234342.8955506128,13.742327647305085,0.20311906486565037,Female,1
54638.31865784359,677,214858.00119041107,3.6510494184715583,0.2586967885050959,Female,0
62408.60971574797,747,170018.0002589398,3.647779168091745,0.3923846832644464,Female,1
30448.442734322467,647,97768.5498099366,5.577857442760809,0.4942077427611462,Male,0
52225.94672589529,644,206697.91902901177,5.906968701044825,0.3344442143592541,Male,0
78537.17430010409,779,211802.1531912185,8.761204358659203,0.25664075236862216,Female,1
81294.04506770456,678,178368.12418332358,13.144450818458964,0.34723624926599617,Male,1
81984.7315338233,760,212472.54729650362,5.56589324470394,0.41319534290629434,Male,1
50915.766903947035,714,228622.2653077551,4.484568608591978,0.3290261815590756,Female,0
82390.32853439283,673,156601.2288735834,4.692054279648105,0.23438545942146086,Female,1
76286.7948740902,749,274772.9122621479,0.0,0.10162423451475028,Male,1
84389.38373043094,772,132517.51648899296,6.030663731119807,0.4474775579595408,Male,1
67015.3975764815,761,320938.88896567316,3.805018961355116,0.17521950125876345,Male,1
50210.640310464136,704,258203.00762929686,6.811344408658876,0.23524436829445286,Female,1
62721.39930170957,704,164493.1696581309,7.038144119035719,0.4547735718836814,Female,0
75662.41315603608,655,190549.2851158763,6.343088799185035,0.19362499702882996,Female,1
73744.91512053722,693,156125.79889221842,3.799641016096607,0.35874408960688864,Female,0
87986.61766717135,638,192073.11537917715,5.938466710300539,0.21652112348206015,Male,0
70190.59924434756,626,322993.599251469,10.667847362750756,0.13010304052328234,Female,0
68758.92277988946,590,126186.87279991103,4.579173243348715,0.19446879299315092,Male,0
65012.64625867346,723,165750.6410428126,4.697912381548469,0.14188206274496862,Female,1
16179.742747580887,709,230397.3783502877,3.8872066891769954,0.11253498427069052,Male,0
39920.91300415127,675,310716.4971278298,1.1637924355422307,0.21561989317831168,Male,0
73278.47224483486,686,207323.7805826659,2.7950746962282023,0.24732660225045022,Female,0
53739.49779592374,691,263316.5133978144,7.914032853624445,0.38334919840909054,Male,0
45084.75938087232,670,216948.79468341309,4.774918998809597,0.16203744250840094,Female,0
57989.742499906235,764,138176.08567038254,3.508907928002274,0.3423800692030844,Male,1
60234.27500924405,772,212345.3031708306,5.623760202151873,0.1757094000671502,Female,1
51695.26041979227,700,165086.9075624304,8.136380721446757,0.21410546477661316,Male,0
71855.57844077567,590,111006.24458959163,4.276810332602658,0.36323702437586713,Male,0
61376.41164803253,711,133171.57498425402,1.8029519065413,0.16851305451686055,Female,1
70282.61608185306,688,192357.25040928874,1.6887243121930506,0.39349440469054253,Female,0
59616.688935128324,773,186481.66516194152,4.332275218325441,0.4252204828573233,Female,1
39602.15788530121,766,141797.46837970873,6.909659620619793,0.45764303935917905,Female,1
73260.68094541575,710,243639.3707234805,4.543943283101906,0.46086167546116463,Male,0
68580.86162571216,748,241524.9066992976,0.0,0.4893228318001507,Male,1
76226.50091509243,680,317281.208094822,3.1112173044086067,0.3288550988661414,Female,0
47404.17236728836,808,302890.55885488814,4.993285650577457,0.3185238285517196,Male,1
49621.378951781335,721,244905.86620611738,3.1578855153517664,0.21217194462943076,Female,1
27409.95680978946,720,187633.2018051791,0.7064350002927444,0.13152267921816296,Male,0
62925.3747604219,728,175134.14268211654,5.285083655816219,0.10733046741807946,Female,1
76549.52823024782,692,223041.24327019326,4.801502196360696,0.14632195573896312,Male,1
67512.66712416685,707,227110.15034545242,6.650385443653638,0.15892053828475722,Female,1
56395.119027627974,824,174204.734343383,0.0,0.19524882857109982,Female,1
49548.422723556374,824,256046.8256203123,0.15989529138518055,0.2579363999060085,Female,1
72577.36161677462,689,151087.25309697614,4.477198896599223,0.4845116969469546,Female,0
61759.91074963173,753,248922.8902833275,7.812102242761039,0.21999658822148446,Female,1
117790.97235982082,722,167012.5679373017,7.659738478272949,0.2363053957395549,Male,1
48559.12832150679,736,221551.14790054466,4.612107628893476,0.4120826288804764,Male,1
50286.87291547261,700,248347.83226724082,4.19151873288804,0.2564912885133932,Female,0
61586.30686907221,668,154327.07101838884,0.8745518238790906,0.17356482049313005,Female,1
52009.487405071326,684,93995.63924399127,1.4841982123304156,0.3901564984635778,Female,0
87700.6098860405,726,159256.5925545328,1.7165169174953112,0.371820744914074,Male,1
63904.82758156831,692,227229.1200396814,3.3984660685552446,0.4734630181633087,Female,0
62799.13684734537,727,328025.1479677842,3.383645486457834,0.21900540204551114,Male,1
47855.94720117531,661,258533.081465883,2.4865308164966544,0.16792813835829384,Female,0
79756.72601009798,774,268613.5658303996,9.212948845984858,0.1275122630790636,Male,1
72845.98191485209,735,146180.9406298971,0.0,0.12757308084963564,Male,1
67516.41254909767,645,214667.60181614917,2.1758555415822043,0.44029227383441494,Male,0
60294.249865409845,742,229251.0666143899,6.18427216732398,0.49714351007385194,Female,1
38794.2825464253,724,167168.79646001477,6.202211761074839,0.38558216929682065,Male,1
63051.954538008344,696,183371.03100750624,5.8250068948754326,0.3952867200545279,Female,0
64185.32288655509,695,135700.01467417533,5.8697335221129885,0.32314153965207815,Female,0
52621.46328740692,722,217270.70908219268,4.638507758301921,0.19354709745495052,Male,1
50996.74684261808,706,190823.59139214235,6.192912505328837,0.3897841693005647,Female,0
56685.53739255504,796,198878.19740097132,2.0571598189598914,0.11829064590490908,Male,1
67742.67430672438,703,182395.61262730596,4.463879346309513,0.33855193308094633,Female,0
58674.55561191997,646,103228.50201430969,3.9917999104827784,0.40806380923446106,Male,0
53837.78568068123,673,236254.0522223754,6.785393557741306,0.40122304396596375,Male,0
85146.55968412924,765,133955.38587469194,3.3167326070570082,0.42843143097874004,Male,1
49770.23628003302,737,253681.09719537856,0.5040935085523639,0.42904997107142406,Female,1
47273.57048713778,694,109217.55120605913,3.3449745858599655,0.3503464438461472,Female,0
61278.14174450852,669,190046.8723120065,6.731787101602758,0.1151928883840781,Male,0
63723.30879450504,635,205176.90769745878,0.27697484680411133,0.4471975733344442,Male,0
70433.06636348667,723,202825.53242327782,2.609656301992474,0.3918015305717535,Female,1
56816.86545148272,725,109335.32639914207,2.1590517031479557,0.1912669337522338,Female,1
56628.518971609745,671,270972.78403989197,4.3538351334197705,0.4394674702474839,Female,0
59317.31632048137,696,194171.43267733356,6.897748398926592,0.4497088106366066,Female,0
38887.32457923268,696,246802.8083968008,6.876773907519679,0.4732059492521682,Male,0
78561.57202026209,672,272741.30870733253,6.693494612142491,0.18710504741960712,Female,1
51438.805593757854,692,284677.3566706836,6.775004149079393,0.338127818313158,Female,0
45901.80320508967,659,176936.64747508464,3.341921138649509,0.403884664135587,Male,0
67617.53634434435,589,187605.99404606686,5.028186063727548,0.3045771335670492,Female,0
75112.70534755383,747,236756.60565270454,5.02827908169132,0.34378463440430573,Male,1
64481.2936254853,757,208139.83090499562,6.120960216863445,0.37952823249771284,Male,1
20936.792150592984,618,183841.61671487577,3.6211841037275585,0.20630946272697415,Female,0
72677.36956776482,713,267136.0930675593,0.7566109659010376,0.2702126579203533,Female,0
57737.43432649957,632,181224.55096802503,4.21465783297188,0.1131643187819757,Male,0
64979.70495853522,819,164296.74410089105,5.138634811012752,0.3574565491514905,Female,1
68730.3985062709,702,278481.42934697465,5.023019579964519,0.27127027498486017,Female,0
48450.40153412038,809,200751.38751435486,6.89425581881722,0.2727070152794232,Female,1
65355.23228947571,639,140454.17470131366,10.85917908661969,0.13499184230037123,Male,0
72455.03724816369,761,155999.4009154618,0.0,0.13346536402047326,Female,1
57712.952454291844,624,268404.7118407449,4.813733905357138,0.4698403961686851,Male,0
54525.70905685672,762,143291.44273611048,5.04026145616538,0.1862004623335062,Female,1
54119.81040121306,701,264205.2347589449,5.756101939804632,0.20612962802586687,Female,0
90843.10694910484,717,183673.20737327143,4.879385796390864,0.4476188409907268,Male,1
38232.36464922661,676,105985.57947156076,2.4216208296559496,0.4402026417512781,Female,0
80529.47336298523,753,225484.4615612328,5.069313038002193,0.14384999453200092,Female,1
50222.45838296761,804,165716.25412049348,7.46043078236918,0.2484478764874928,Female,1
51745.422692318694,649,207149.53174046084,1.6866445164350115,0.2281447881969225,Female,0
79565.10364317229,696,177056.15774875015,4.8497582034306,0.43258129369814213,Female,0
43722.742101633026,675,131379.51312193467,10.58860736420053,0.2643608235954352,Female,0
30504.65115935997,643,226988.2256414171,6.520747160408932,0.15825831841059912,Male,0
44065.44429410843,613,293430.1609581501,5.73229533050716,0.1016101115415883,Male,0
61628.39558664785,662,196108.92819317634,2.945011549620822,0.22863357614498603,Female,1
66629.10974354114,712,258279.7447572064,4.165069232370271,0.3694649679573737,Female,0
86330.11263664806,696,158909.2585789327,5.840707838007483,0.49326491596456334,Female,1
62577.59009690297,768,203416.1064969909,6.5673356327800825,0.15936404935305487,Male,1
63144.891229119385,764,118743.93705587376,6.095507003144963,0.4594827318299173,Male,1
96175.15013367632,680,177752.68045523737,10.136914062312798,0.2945142289405386,Female,1
53350.766232127346,666,135706.79913601425,0.8916086760318258,0.18605209056987168,Female,1
52685.906638912595,732,194593.05048042917,0.582937815467667,0.17992836813654567,Female,1
62285.32308050583,659,247296.47926351894,8.225063643532728,0.18864367529566037,Male,1
38724.51400600452,721,261442.82751002797,4.2728736256846656,0.34825478084830386,Male,1
56048.27675876626,675,119764.7495101094,2.126216481514196,0.18438108770110137,Female,0
60276.27568784328,685,193349.84180349682,3.872049261944402,0.15641987609993607,Female,0
72864.8943480303,721,132312.2662645121,1.9784150374190652,0.14448663000088616,Female,1
74529.67485799333,737,204676.17482193047,3.957425172443426,0.16745128435403817,Male,1
46118.63060910619,668,246400.78295758434,1.445144176321775,0.22742523925039584,Female,0
46219.70232770858,710,269159.72576646716,0.28857486389608855,0.4264502294615816,Male,0
71383.92884680147,622,175817.06812812158,10.309739202966778,0.19547555257251906,Male,0
57163.1941383445,740,368869.1459541323,8.712109380690798,0.44713299869379874,Female,1
40031.50569663333,710,147175.146468737,5.9420678074583435,0.41484914517577676,Female,0
69520.82202842654,733,167148.2381491338,3.7355510085009116,0.45023054666708573,Male,1
42061.754069472234,705,178932.1596114779,8.671380867539495,0.3957645821826766,Female,0
43098.48796635292,642,186081.3516196053,6.009804282686501,0.35452106872762223,Female,0
66292.98665860541,737,209770.16106416602,8.458739768614429,0.4664604107257605,Male,1
41233.29635422045,716,256367.50446777427,6.844883696140323,0.11021896044864166,Female,0
104236.41637963089,647,252410.19838376378,8.29839131418696,0.3674100553784455,Female,0
49223.33668121346,733,141525.96853984916,6.827716492669259,0.14429724807647426,Female,1
44064.0970777968,731,247265.58856179327,2.6368327002034424,0.301638045870411,Female,1
52817.438159873935,686,181178.87227059025,4.180543260440294,0.14224681810469442,Male,1
44705.034919618265,669,196060.579995985,6.043020626734998,0.31166524038226495,Male,0
56489.70211339528,661,162339.81092045148,4.676048941962169,0.4098893716882406,Male,0
41585.882772945115,716,169441.14239903365,0.0,0.26809305312058407,Female,0
48059.612147947664,602,184008.6861055622,3.5513668421265954,0.4392545157212713,Male,0
50966.81909457329,718,252908.50469120507,4.198048930496573,0.25537477542102965,Male,0
88562.04884359511,604,172701.90364425362,4.933074383262706,0.447533389080643,Male,0
55816.74908773865,701,219041.3209172627,3.3615016873459407,0.4556346333307463,Female,0
62556.243335632316,684,260533.72762710985,1.6181434288792103,0.4927069404791863,Male,0
59792.433808586444,679,263333.0626599206,2.558559074213212,0.16620789424196386,Female,0
67560.69773276767,671,169043.8525875034,5.689773036253813,0.46148996814952303,Male,0
83661.79919645212,657,258168.8027581775,7.387591437023679,0.4549629895875854,Female,1
80462.10644960766,728,126040.19908211166,5.921009180016085,0.3644617078876372,Female,1
78196.46549968775,598,271821.47597794334,2.718198006724583,0.45190677516382616,Female,0
75488.19306512485,709,243009.13191975784,5.533094137370719,0.35308412398647715,Male,0
30604.948141803365,708,115251.32807416937,9.040823733166988,0.40092438826938237,Female,0
53307.248501778304,717,267458.9524444353,9.545954282971405,0.48710172934924867,Male,0
56912.1085367949,794,181244.55025282176,0.0,0.2368307183884283,Female,1
59284.3296578703,643,166413.96053709614,5.731672824861353,0.4218234857874521,Male,0
36237.96085491765,620,172235.6948699482,3.0174764097422577,0.3092624252576447,Female,0
64283.311122864856,648,281854.12039963715,1.203090664730567,0.3132173151554333,Male,0
82927.02639618798,682,199004.08018501344,7.564711767909207,0.4485429364928831,Female,1
48210.158092380756,661,262485.5210092159,5.364435737987174,0.17108178447872563,Female,0
62952.91853803685,689,240865.31018691632,4.97755760977776,0.2944013792952907,Female,0
49356.30217876241,784,183960.80690740005,3.0757526299296973,0.43361690717066814,Male,1
48693.95753463766,679,221920.63497483227,6.026676738273037,0.20022851656885915,Male,0
21134.365617826348,735,243203.49910694733,12.718257167733421,0.4221082388829004,Male,1
74740.3647591827,692,216595.92238539437,3.51004684361526,0.30460605443329003,Female,0
43917.9148202159,669,157675.10985655463,4.161949258829235,0.33494185245519575,Male,0
79933.99979303114,730,140976.97573839588,0.6318605199606999,0.4147838731856788,Male,1
83979.70755757076,643,193970.64057632652,2.936647115523707,0.19738254310879905,Male,0
44818.434371097486,721,161981.81793919348,4.795392409001993,0.2303072478573474,Male,1
38916.494712320375,778,188971.7029866343,4.805385676839917,0.3619392249556511,Female,1
57477.84272122815,767,165544.4101139105,1.9290207616078567,0.4145779292777694,Male,1
65828.67906796446,725,52287.552937898436,2.0042888405526815,0.2756463097130558,Female,1
70168.88807008904,707,246583.29834340475,12.047325674075097,0.17277656069937347,Female,1
77156.31064810394,646,110346.18010438052,3.983992838348727,0.3718703469962559,Male,0
69361.79725578232,645,269601.93757935456,5.67580916604514,0.20688291070262765,Male,0
58805.37913131427,688,177870.5353612922,8.20785111918555,0.19092096289540952,Male,1
76000.1203438373,660,137775.67750555673,3.9104733238015514,0.46340961220020493,Female,0
66407.91542807527,723,183667.62184056942,3.1074094679497732,0.41213529905006285,Female,1
62665.51501399881,692,260096.58347697716,3.626969021034701,0.4949262196794515,Male,0
69848.30412950745,715,121768.89363320978,8.573519134820287,0.2709975487977281,Female,0
67031.61384112536,729,223525.49236892784,6.345239748437328,0.27415905208463986,Female,1
58410.774685437966,756,268008.40654140065,5.308071550245762,0.20833285613598373,Female,1
68152.1906800514,711,231279.22968375002,6.070002821749541,0.37543980827019807,Female,0
57215.115350042746,683,236122.34926104898,5.112659229981689,0.1874193846082252,Female,0
52035.04567497274,628,150320.34980342758,7.0569691775411325,0.4347757433164201,Female,0
70772.78588561901,704,214060.58412920326,7.928416070200763,0.4866690666821173,Female,0
71523.10824947606,630,153208.43851047172,2.2619637179123986,0.28694347384756763,Male,0
59422.372957489395,714,123883.28408591279,5.373154300723143,0.35399802808836944,Male,0
55815.55604502287,693,226772.93737048167,3.5735457764316716,0.17215190755002854,Male,0
66551.07827600265,762,174068.1001257712,3.3402769944806017,0.2919702756017576,Male,1
71769.06431847035,678,140988.4132899815,5.1638353487302115,0.1911241162704526,Female,0
59296.19131681224,728,260290.92103580217,3.6772934341674333,0.21741118166717988,Male,1
69175.14433261301,660,242720.100056036,3.9944990803208453,0.4991538832913842,Male,0
66657.29142219343,759,149828.05482502482,13.30512081687783,0.25601531106172204,Female,1
52693.11924352956,631,187097.72421944194,7.972132539872256,0.3850644902586984,Male,0
45361.90120534001,762,186772.7050647639,1.7730485492753374,0.3976744428926373,Male,1
48406.834982645865,719,204275.66648197995,8.267816740793297,0.37784891497619066,Female,0
15132.96043648915,758,209241.3516810827,0.6472612142179628,0.1833944826971158,Male,1
72281.66465632292,673,192675.96646359193,3.07361847850519,0.13139696978676257,Male,1
69462.17526832166,717,187632.98064874217,8.817449992546278,0.2893416717331204,Female,0
41373.59136777563,639,279422.3588120056,7.514042163608931,0.22765580621367731,Female,0
60512.28626232037,734,180571.58897543984,7.350396944974204,0.44105289310861595,Male,1
48698.73194480725,729,241658.97156350908,6.737228902626509,0.3295781288802678,Male,1
58331.60907976949,714,243699.4875503441,3.720201091141889,0.34481883186310225,Female,0
48550.70843732128,714,230185.66202720982,4.02278332045214,0.25242827057376893,Male,0
58194.282540696026,729,133342.59957613953,11.348036170492986,0.4757726508399186,Male,1
51562.99836158598,675,201676.2351194294,5.85136408351424,0.12445505200488945,Female,1
65247.00036851861,679,224831.73074899477,3.461077268096565,0.39481036231614164,Female,0
67630.87534844902,732,286153.73588231247,4.964297530717316,0.38748157980078923,Male,1
64742.33935774167,625,216358.5276438895,6.520929037484425,0.4763826485035739,Female,0
66450.62470786604,688,94770.86006173339,5.527021137475338,0.46427109596732186,Female,0
53688.5730947842,663,211454.74158231897,5.015615785684839,0.12175478640062894,Female,0
64847.515712771725,725,204398.67735645844,3.695615919883349,0.4038779991199647,Female,1
30368.00150469193,751,235379.59109873098,1.0574014111306722,0.40526975424389555,Male,1
57134.58356099747,740,200527.28558705127,7.9113879107199985,0.25727081263504015,Female,1
84183.30942383136,732,207757.76714326782,4.69948169363973,0.31047312404194416,Female,1
51970.07721069116,704,264957.49102738337,4.264482734445843,0.4833142512577895,Female,0
75903.1486124832,735,183669.31096693937,2.3656348891836423,0.2969690757594379,Male,1
59347.84575279206,695,156561.6227713545,3.973947962585675,0.465692550537665,Male,0
63379.61883061413,734,185592.4868788742,0.0,0.10748988551775628,Male,1
59637.06590413626,671,159723.66587447398,5.286050822998336,0.23259690930195315,Male,1
50993.64651391942,720,309286.53083612875,9.505637401388956,0.12696954648147268,Male,0
35319.018795646625,608,133025.53167356705,4.693830828113456,0.48038727458095976,Male,0
70635.05636382768,738,182892.56744363805,4.296477394562327,0.4058598446361429,Male,1
51452.50607641862,692,151168.9842068222,0.0,0.19107948537033037,Male,1
28172.17651487108,671,166354.7333995299,7.848924495849602,0.4741529042931145,Female,0
58281.902321210735,813,244003.2981478671,3.4010188417221388,0.26289856690482827,Male,1
62727.99382587743,703,279708.8978102006,8.448462092031106,0.12741039503879525,Female,0
59316.209754667536,686,181610.77367144724,4.405779109551919,0.15633337106120493,Female,1
36650.562397141446,692,187531.51874137594,6.627271908596305,0.2744196882487564,Female,0
29411.51733359849,767,69093.34006538602,2.509788514612289,0.11287856883493474,Female,1
51159.52864583683,763,225277.8926607504,0.29912188649794125,0.3109744339716912,Female,1
71727.34307665966,723,188994.31343725856,0.0,0.22887738025918514,Male,1
91385.8091352819,712,265303.61019358144,0.15575041312600746,0.4630901372517371,Female,1
55070.72286376523,646,255338.72593121644,4.421581738077762,0.277734066833188,Female,0
96596.28609508909,739,194200.14638392333,6.503270027926316,0.4182910859879353,Male,1
63611.297692328524,757,146832.27500848408,7.746961412775033,0.3178752373735907,Female,1
69715.32807151039,679,152896.99082128776,6.496069736406634,0.27546347376284147,Male,0
63534.21837162849,658,169575.3048134399,0.16921064362459948,0.34331904549675873,Male,0
73353.71251254763,697,282393.8802891837,8.27761350082491,0.35026773196996264,Female,0
51544.13170794038,789,197743.8554837974,5.063667952502775,0.3302308502793681,Female,1
60824.01166499773,747,232306.48380120858,9.109604670085734,0.3869311148163478,Female,1
82090.06013626473,722,197561.71740784423,5.783553623838886,0.4698958260797854,Female,1
37152.19642824338,683,133922.21067444744,3.43732128828871,0.34066800870543756,Male,0
41283.25227052726,797,206982.68447826753,7.020418388474692,0.375363734582283,Male,1
73084.80955081017,686,217883.06833155447,0.0,0.20800099244847814,Female,0
80409.87893757976,690,109400.53312189729,7.289426902128971,0.42395263428228436,Female,1
47242.1931868605,758,142415.94454828283,2.462932065660433,0.13191881862378296,Female,1
38462.06773230841,656,237091.11471950632,8.835304873897146,0.251655726309037,Female,0
64891.99533363177,671,249852.96782268205,5.371720449563213,0.45534547312050566,Male,0
89809.13998846212,592,266432.32057723217,2.5634915848210102,0.4144521689848727,Male,0
41995.55389416336,691,169754.66180359127,4.100919512201332,0.3424133810081514,Male,0
55181.35850823132,657,234280.96871092415,9.703374529386991,0.4737498161530006,Male,0
68648.35444583649,748,251859.0702824525,5.815050753500092,0.13975311158034406,Female,1
54721.18023275236,729,211262.83409917998,5.694944214832768,0.20793504192715107,Female,1
42483.30673098097,593,185644.52475688286,3.4208274046679668,0.37106950990721865,Male,0
69756.75138804209,734,190638.633924656,4.098291828244253,0.4722815972769896,Male,1
48243.51501620405,715,160671.39542210748,7.88328037169625,0.3364739148464293,Male,0
44369.33381635346,804,141766.83257438027,3.676469927618719,0.12482042105417311,Female,1
82815.0934073907,740,172679.61902681633,0.0,0.4655688796265216,Female,1
70987.38154169703,799,195063.95527721636,0.0,0.13971733851872148,Female,1
68365.36591087686,643,161902.93809324582,10.417006634348795,0.49272320908713085,Male,0
41086.74068497433,730,171515.05185371343,2.580440502630316,0.4414200911833267,Male,1
79165.15232847763,658,216573.54481654477,3.786084439877161,0.1573183965723738,Female,1
48046.57116794285,715,181534.06149209055,4.622761107512682,0.3730567205780243,Male,0
64796.72901213806,578,249559.55564633332,4.9464135353367995,0.3387841147382112,Female,0
84982.11666693864,681,346770.31031942344,7.769134481680286,0.3802927521453061,Male,1
56734.78195159169,640,190745.11752893907,10.770540462810363,0.3574535152478483,Male,0
66105.78430686802,588,114214.58406809352,6.1461011171480315,0.2527356386244507,Male,0
77539.4338566851,604,222491.3606863255,4.350743865084887,0.2765470241279159,Male,0
66328.81131352927,700,190772.42789070273,1.8910124094855112,0.20174381552255274,Male,0
60319.073651040926,774,187276.19616773294,4.322832105163595,0.19750779723309098,Female,1
43048.95991439463,555,123114.60957349988,0.0,0.2218785360345158,Female,0
51565.68706138541,751,156934.5210151446,2.0691627818543536,0.3068058895546864,Male,1
33404.512976896774,712,129223.79665431468,2.9211289864063548,0.26367574988791953,Male,0
34347.474110150615,785,254319.0355602919,5.713195183717959,0.2937701883337596,Female,1
68074.4411857445,768,178584.08711011222,8.16886545123837,0.3260905524683323,Male,1
64669.63010164327,714,257324.3579366519,6.1050560115229136,0.2625099202238346,Female,0
66381.86342677448,782,265472.2050701324,3.4888329895116392,0.38666496725347876,Male,1
79654.63119179412,669,341211.0213197601,9.257193240072564,0.39838184716159986,Female,0
16916.06680077526,738,184453.12418244532,10.605581564219273,0.25377149322695314,Female,1
67104.48115217182,764,155901.9617866413,1.3454717995780432,0.10810808226922104,Female,1
58497.68885280071,769,217105.3019825209,2.9320127957597846,0.2451280121885326,Male,1
56559.13883897958,746,170086.03329010762,4.30439448012263,0.13242996645891952,Male,1
66025.67583148413,632,234160.62020005344,5.41795889218868,0.180610801167297,Male,0
52253.55534168643,710,202622.8693444722,5.022052024759097,0.4505224118667176,Male,0
43936.612529083315,644,113540.85552482899,4.35199573528066,0.2931269977401645,Female,0
42624.52966211186,595,172249.16492279453,3.8218212847225472,0.24385469727160103,Female,0
72006.14287841524,595,260461.5323611969,4.707962093321802,0.3273220418379348,Male,0
36105.09399702496,580,237372.2485713528,3.996188436409113,0.21635189289768775,Female,0
68272.28064060702,739,258326.41681105015,11.01922591313881,0.4463096489424302,Female,1
55165.192961829904,651,162875.66111152002,3.4691265213108102,0.365831771203616,Male,0
77805.4545834057,693,157927.5242935496,3.5480469811983406,0.33341181954636534,Female,0
58907.56631014691,744,258356.03940016488,6.1750940480314185,0.38375629810045153,Female,1
63358.26036418697,744,188736.8678754323,3.056383131060436,0.21656090651529794,Female,1
73246.64665720738,772,159617.47211266175,9.149406940334458,0.2310907826728284,Male,1
55789.87384699839,724,217984.04238431604,4.398286458032694,0.3608058461356526,Male,1
73774.74909003469,657,236488.64685170978,7.210290035503691,0.3914260846533083,Male,0
60491.9549311738,742,206171.45908518243,4.390494413045963,0.11316550746446948,Male,1
28499.60238522564,678,228330.10741963628,0.0,0.3125869983829652,Female,0
96686.27969425239,734,238373.9672277065,3.6488954262299957,0.17074528483756626,Female,1
32001.9507439041,653,176761.6388044136,0.763773181053109,0.1731893533659478,Female,0
85048.56756527109,742,183847.88156134967,2.5419752217962794,0.159496603948599,Male,1
51009.374655693406,728,159299.46653542222,3.8199466255313816,0.13843039025534246,Male,1
44975.69985157627,596,168457.72246045718,8.582643449041974,0.16078501035128606,Male,0
66600.21675079998,703,243948.19865353257,5.179729322238511,0.12014519959735832,Female,0
67469.97436868175,640,190607.02994956402,4.850269300876514,0.37434898209257605,Male,0
43908.854613902906,729,137171.73320272824,10.076939057314627,0.3787969326393754,Male,1
69100.84588704274,693,128791.61999062005,4.258761689576842,0.32483125502625954,Female,0
65004.931579304226,626,168886.4888553002,8.409366722974536,0.12918394556518195,Female,0
85987.72499227637,674,216752.71759560856,4.776221968975771,0.393173048807009,Female,1
60276.5089959809,724,159620.4329950852,5.006550772511108,0.32953102943354284,Female,1
83693.58218596068,641,125222.9231750898,0.0,0.14857704629135002,Female,0
84230.63534204163,741,158074.96918080238,0.5685067510628556,0.48110635886133324,Female,1
54377.68788675604,713,153730.3871178522,0.42920656799550017,0.26954315766770864,Male,0
63988.173444780725,725,211993.63761423624,8.335860082581227,0.16268173911837924,Female,1
48251.20061495644,747,254495.24795454153,4.420753777980162,0.3717435159686586,Female,1
63797.478570569714,705,196783.11763104168,4.789860668816106,0.3582762673798153,Female,0
60835.87368433042,622,170449.0772133284,2.4104308634995157,0.3254870718190471,Female,0
74626.79600126627,769,194272.02862637403,6.528540691789058,0.4495628955140668,Male,1
46523.77992977463,621,102907.0670310297,4.64102329258055,0.34349219303393946,Male,0
73314.83138810754,651,186746.75015557103,1.6070378345432408,0.385577084482951,Female,0
88710.4703080018,711,217688.53154456947,8.94041948397571,0.3089157893244688,Female,1
43982.9561763121,701,225993.5509050956,1.9991884316696353,0.47493582524988,Female,0
69331.04985459073,694,194809.37577985166,6.286433541299017,0.4362726034470329,Male,0
63165.26200803927,628,253627.08997863793,1.8592347496792816,0.19500921673922755,Male,0
75706.47453918232,665,160870.43187259336,10.95702923304452,0.1686540069661492,Male,1
65514.73939487132,719,255386.05479912244,6.756564598570603,0.4043853271043235,Female,0
50306.59035234295,568,300121.37338223984,2.4067090589793865,0.4177764803685575,Male,0
26296.659990230924,612,190097.01183905467,7.602183478993928,0.1734646155127543,Female,0
48791.82481278265,785,143570.46634514828,6.8348046846490496,0.1670977624558411,Male,1
48625.76896668615,683,214704.1019396607,10.184988141699,0.31810137850478815,Male,0
24556.01346687242,699,272347.207319349,6.008226237516039,0.3365629651595655,Female,0
86332.13547473235,697,244053.10936903328,6.938960489407476,0.2814967036377206,Female,1
73051.01596033131,777,265703.7490762302,2.9860772258867416,0.3249795765085675,Female,1
56685.45600700165,633,240455.63953656895,1.2513052642279847,0.14769796452770448,Female,0
59679.490584773455,646,123365.8014538133,3.6847178983541795,0.15736744489451,Female,0
66206.98646177247,758,355884.0564604024,6.291087924519494,0.36954615756787523,Male,1
50193.504920267704,748,130510.99284036654,5.948263466326802,0.17888235889240034,Male,1
65287.57452535319,742,181834.39958057273,5.233657180942024,0.4960793961849429,Female,1
70402.1836787099,600,229194.15111420007,9.153514887953103,0.22840792422035988,Male,0
61326.10329437771,732,159983.22969173483,6.47601216230888,0.18729882191246153,Female,1
76622.74225106275,696,231661.26550575468,2.4253519046851197,0.10057029131501305,Female,0
50377.77607165572,709,216237.91197667707,6.874453469161626,0.4886602418477973,Female,0
66193.97181413436,725,206951.4343476563,5.0983209126673446,0.1667895494690216,Male,1
71384.53830739901,789,117930.99421989516,8.606747010083513,0.1951696648979934,Female,1
107896.61351767291,684,145999.8695808934,5.883256933052144,0.10684883431886477,Male,1
48183.24372137642,753,186267.81253168514,4.893739577925471,0.49886512571178276,Male,1
58118.186099956496,759,178384.94070952295,4.879888377436703,0.3954228162534227,Female,1
58568.03629366391,758,220008.48026002487,5.2167474027086085,0.3188460433314542,Female,1
66548.39706236502,727,162225.05584330254,4.756420447593591,0.14268598874735022,Female,1
61588.41679672851,694,210641.21993349845,4.352507733691537,0.2440083751418014,Female,0
42314.403132602965,648,249717.57599077118,0.2683148872414982,0.3646328085502374,Male,0
65512.22498211457,737,175251.77245546496,1.3317491637854753,0.14791135195342442,Female,1
64005.75398803888,680,101773.19809485377,5.3429262591777436,0.34989578396258325,Female,0
77412.4018106778,714,189711.6503161414,6.301249057882886,0.2358713750916902,Male,1
55380.5770554144,683,235736.586375885,7.26555492141183,0.4813707933603253,Male,0
45277.37023428074,654,179835.61040445307,3.0456723504089562,0.21680564017629364,Female,0
84258.18862452936,748,164744.47399170196,8.891892601776636,0.3364620018490957,Female,1
54184.47660096024,663,251532.99041207798,4.910700534990795,0.11790894900723803,Male,1
53690.320158519615,742,211530.54243831072,8.06588946518001,0.20735134611085912,Male,1
51732.214255072,632,206092.2232066227,9.001994557630775,0.31818969309527906,Female,0
35352.16783268749,716,172060.02139688298,7.732721105101248,0.40876249736003567,Male,0
47762.845725518426,730,206624.8571747823,5.133708832667815,0.21386215739743683,Female,1
62618.66719247759,728,156962.15991490902,6.344235023038675,0.10135153872336491,Female,1
71902.3308082832,665,129186.55703296963,4.962902185272906,0.23360028753063755,Female,0
68731.46555202923,753,120707.71798070763,5.436850990480674,0.4597466115683708,Female,1
61400.58561414977,702,169292.82343764076,7.6677902742769275,0.4410489749904468,Female,0
70796.36913222272,707,172981.1830506473,3.005897284546958,0.2755391238845456,Male,0
39811.936147901775,639,173101.07355890225,7.479359332576287,0.2787124652125512,Female,0
56309.062678050774,650,273392.52224986546,9.669248106715301,0.4251790807778486,Female,0
67582.0523874994,726,239267.28015051415,7.971700482328369,0.26969489811810937,Male,1
67816.83642569007,693,160992.80593061142,2.755727051454012,0.1391753461531424,Female,1
58086.763194336985,651,179532.97123906878,8.850063731864616,0.2816304577249367,Male,0
70482.42630303802,647,204369.5714460061,4.765007453209528,0.11109012990473968,Female,0
43320.49461338755,602,220291.20433369072,5.986047048489449,0.16499166135076138,Female,0
91111.2400462496,722,184092.07491910356,5.106114251265917,0.3194553566782309,Female,1
49606.35607109019,646,233936.40346397096,2.0154309425973764,0.36233957942954964,Male,0
51826.21369786575,714,271715.4834676038,1.1458167007475986,0.29659652090380906,Female,0
59462.60941335073,710,209248.52875365783,0.20714081249463057,0.44014511506314025,Male,0
46414.015487060715,739,186481.43004321045,7.531370077644727,0.10034147897496132,Female,1
58777.15990347531,736,239635.55088668322,8.709468536552532,0.3726943808262443,Female,1
61285.307421050384,698,235479.97396917833,1.5711723608503538,0.3443125424311789,Male,0
52504.04735772554,783,221448.39742742587,7.283522117154916,0.4890510965585676,Male,1
45666.89339099362,569,98616.13641645756,3.6942554089844952,0.4031248127568464,Male,0
91495.82683749773,674,188963.56215208166,6.925637184433308,0.22739852530555146,Female,1
62113.29370366806,708,263042.4759999655,9.622257129550317,0.3109493159883364,Male,0
52301.79650292622,725,192012.57510042068,6.467635473992903,0.3882705436370073,Male,1
58759.78971235951,691,141138.67912743948,5.4964746923994205,0.4232475019941285,Female,0
47632.2875770849,659,223020.7824921412,5.053496763589273,0.40749169120483253,Female,0
51722.127811613296,719,186782.20833982667,1.975680479718716,0.11287376128616088,Male,0
64217.87135954064,691,187663.77879427798,7.729887622581676,0.17969675143384728,Male,1
58992.32564925967,785,155714.3100100155,0.0,0.3810192322215108,Female,1
54988.84153530089,611,173349.79590868327,6.691020962810468,0.1508477167428194,Female,0
62959.73561108393,622,160255.31764991547,5.2196583509373955,0.21296173153834574,Female,0
53449.20395939107,714,274273.86846362747,8.3134331115124,0.31632482831923026,Female,0
52691.57153829672,829,252890.05037709593,3.502394005172209,0.37769275152925486,Male,1
69342.74898521249,573,266848.45367779804,10.416250539259341,0.2716843118166799,Female,0
62772.54185542311,802,224600.71402834493,3.512882160275301,0.32867293043970847,Female,1
27964.886790319568,690,197937.59355103984,0.0,0.24099389103922475,Female,0
26822.0713300574,752,202694.86735166033,3.601317824848664,0.4687515173477397,Male,1
78928.82251070987,762,248893.61361055687,8.078262322880011,0.49671454211517196,Male,1
63915.82908269834,729,204373.68768403697,1.3114212463478419,0.37967727919255057,Male,1
82360.89205274929,709,269771.70410995925,4.549014878708871,0.219528093924567,Female,1
75528.74002085629,591,137329.91408524907,4.159151860768458,0.2872326484340394,Male,0
60391.36575316251,708,125376.88649970035,5.563825329298269,0.16366701379192578,Male,0
63332.00657450569,701,154483.78290358582,5.472039703019233,0.11418783413666662,Male,1
57053.00124857854,618,238991.43203775247,1.75147841339497,0.2088875203359103,Female,0
56118.059059993466,615,266521.6172189408,0.46836184889151156,0.3464716326428031,Female,0
65100.76941853335,779,253208.5351170522,3.6978999370292,0.27308257969948146,Female,1
36079.45399099807,668,146213.16757791943,1.359609919541231,0.4578232011509532,Female,0
72376.47397001451,736,145979.63353607492,9.333030235939836,0.3495628131431586,Female,1
35886.60203446539,779,185596.86008243606,5.6200328856173485,0.10390889256779251,Female,1
67829.12348425346,694,126119.37965402777,3.4520570319527613,0.4767285075858907,Male,0
46975.6090218545,696,247146.9309948617,6.290428922946114,0.459295439280059,Male,0
55444.10956835003,686,175542.1912407892,5.001679977019086,0.31884452789531237,Female,0
77596.86956379961,648,219440.94551318567,0.45675781280563843,0.42057215288345806,Female,0
40322.45651474761,750,276959.86000874534,7.7462089114548105,0.25321534016730474,Male,1
43784.05008600154,760,188109.648128703,12.591109005925068,0.23175492879463855,Male,1
61234.259839131366,680,199881.5541933596,1.7319720868636814,0.43641105510296474,Male,0
65509.30970102011,779,218632.40932400274,0.0,0.43091078194877563,Male,1
79526.11934098197,665,184195.85194385133,1.3115145268757362,0.2692472790190922,Male,0
49836.530214965176,732,268724.24907137797,3.990365236372667,0.31644116658166044,Female,1
46802.784697469186,690,105978.22279684593,4.422180683717582,0.15927109213178947,Female,0
49079.955881562986,765,212736.55686901047,6.076544218036757,0.15247404156831945,Male,1
69772.82987009258,732,177048.41634105498,6.989820143793434,0.28861455503129796,Female,1
63591.067508030654,686,201169.26073292538,7.487295320055007,0.24393281283702348,Female,1
75735.13838755334,772,192657.32393723496,6.340110832427433,0.16905625631211646,Female,1
34748.42711668575,665,170896.9332953494,0.9838288815932792,0.3603874287629879,Female,0
43620.9914940703,750,182203.25414565147,9.397507935808889,0.4765159801577108,Male,1
44602.270508834095,711,168457.67985264055,5.680795831400744,0.12687407860956054,Male,0
44327.862089684495,654,110292.82444006998,2.13668412112711,0.40181581307815506,Female,0
58010.493804261394,747,163661.29310830784,4.452245364762675,0.17456674208407388,Male,1
60696.54822234223,683,214378.1952583664,1.225206111898136,0.17696441515485573,Female,0
52046.13572441339,553,124673.73709804424,7.333392892633144,0.1708944791089414,Female,0
83001.50551944488,602,133686.89190254215,1.8756411446755443,0.17147718091452535,Female,0
89935.01234675947,687,241574.9433465831,2.0213938838639054,0.3074585157686677,Female,1
85425.7656064613,651,189782.2136677176,9.735028032491856,0.25245732611719146,Male,1
88451.89473980921,707,192300.1167401084,2.003190871263226,0.17831004456525448,Female,1
62937.67882646522,742,284074.6228709008,1.1676901884639719,0.31794931371429414,Male,1
53561.33369552007,654,234116.93910298296,7.476243793469255,0.24847719465940976,Female,1
59624.595618822845,702,177487.33061108642,5.297043348461772,0.4967498178729244,Female,0
42735.09633866546,709,253575.79677905195,3.690455410203369,0.32952962767557614,Male,0
62903.848670513165,678,150423.6479447684,7.445972500427043,0.3436699517518633,Male,0
62915.76452366004,702,196830.50739825945,3.83725732623329,0.20158655932488886,Female,1
73788.43401862806,655,159844.45830233427,6.37167443584803,0.4308039526587695,Female,0
47252.33445802813,654,186998.18749097775,6.742998619885077,0.32985682824873563,Female,0
56032.27738034084,594,163353.69809457325,4.4766681971441535,0.2706501493905578,Female,0
69612.64291900514,683,173630.546918019,2.884049828252455,0.21210612006977134,Female,1
34605.64778706922,699,259353.88393708778,4.766231792964453,0.3832606750962405,Female,0
65259.45148910339,650,244593.15110803745,3.3253092128066473,0.19887078760424248,Female,0
85258.91537186803,710,238319.42382861997,5.370587605523279,0.18478363610318943,Female,1
44134.3360656615,650,155462.55682238683,1.4606697518764742,0.1319660437386427,Female,0
73425.57471114173,679,103861.41139688318,6.524036873163799,0.3293294852412093,Female,0
81050.54955187786,716,183023.49216670066,2.7837838240852175,0.21694903373210184,Male,1
87390.14570320403,661,219852.33349412,4.560104677869193,0.23434172634433287,Male,1
62570.524217849554,707,260924.0107435843,5.886996654445999,0.3602299164437385,Male,0
61725.39118721126,680,160327.01350582644,3.508842539492953,0.4210521686400135,Male,0
68828.2990465608,786,247328.85017866932,0.0,0.10902466030293106,Female,1
50928.83003192681,636,128932.50273407264,2.586915494712149,0.48656772672183946,Male,0
69838.51164794642,649,167261.51121880254,10.492231474493785,0.3962073458729797,Female,0
81335.54792547761,745,104688.16899553097,10.846889334342858,0.3219368761486432,Male,1
46209.23112620365,674,230036.6507572796,1.7398675658458185,0.35361478936544344,Female,0
82440.66467233775,679,210167.97299993839,6.497331520396823,0.33568036270554125,Female,1
84205.6690358797,753,229616.47735066718,2.433551912223256,0.2727950369700629,Female,1
50990.419651217926,674,101722.20542617474,5.885674275035728,0.35465641414349125,Female,0
59509.578778588606,669,193586.82597580846,4.246646496072677,0.3346572049782538,Female,0
63918.75796850784,744,247785.19855569335,9.267268865857465,0.4179321046417307,Female,1
54605.55491321306,725,262809.8719706841,10.187902598134269,0.42383170436599393,Male,1
47080.73698007604,673,233177.28092492174,6.177368055411561,0.1868933898369739,Female,0
49424.82216362387,695,170779.95117019844,3.6928675028457887,0.1388216523933511,Male,0
74880.63524304784,631,174253.06467833638,2.067907647548868,0.2530564620262286,Female,0
83005.91564874748,625,217583.11774870293,6.947443163211261,0.3632789632853467,Male,0
92359.62319898256,666,184366.1415173362,2.234529031039359,0.11971208057909798,Female,1
68047.64765355605,634,222812.47442642663,5.71621377587407,0.11051390893504283,Female,0
29622.861200135892,750,168429.8722216721,6.609167656542729,0.34548259273983073,Male,1
57664.84146911881,621,257841.68905184945,5.216865041374609,0.2337784747513299,Female,0
34958.92078317942,725,182592.13015913434,8.08881308425908,0.36601924495302407,Male,1
64413.3619352024,632,233266.72672544376,3.834478798643442,0.3822583745452054,Male,0
58675.76927473118,669,212255.7142186309,2.318550708255162,0.39177759533061995,Male,0
68961.00104774786,744,173600.29891171932,8.053871157288079,0.13531299943396657,Female,1
64617.026533380886,749,228413.66885763922,4.026140976806176,0.403951481615516,Male,1
67088.96223619564,693,225484.15386211645,4.569255233863597,0.10208500739076998,Male,1
75458.70878436086,756,193112.94698060365,10.035721893046272,0.4075652840365047,Male,1
19451.515605011446,755,201094.44105824173,5.976455336973853,0.21866287044722435,Male,1
64968.95147105346,639,332100.595524631,0.5533057289680743,0.23033423793799956,Female,0
82943.2547919092,668,222860.6531846257,4.708066547895227,0.47013122154566556,Female,1
80880.034295169,674,182052.08074102932,5.6719849067031465,0.3445323013211411,Female,1
40600.90563193255,738,159925.80390844966,4.6367737028283385,0.4736307397085938,Male,1
67184.69738619588,815,273489.2129393748,8.757039086894025,0.20321755761468618,Female,1
48663.82260760733,735,216949.675690471,2.104357769748356,0.42549931822701903,Male,1
83422.66795090279,628,215716.93415657151,3.7642302968421406,0.46132586702647427,Female,0
70025.1073307712,572,151098.84882387158,5.094767018457735,0.4968605740920192,Female,0
64448.63317711143,662,133610.06632602843,9.481784430926593,0.13265265994053532,Female,0
44584.87288611063,726,273260.52517406904,4.378514932717879,0.3571294753101727,Female,1
51538.820538949076,661,134944.53668043274,0.0,0.21287145825969325,Male,1
53158.18758788718,612,233964.69099911745,9.811598201803598,0.3763896604606256,Female,0
36661.56530694559,697,126443.6797313241,5.01839435130568,0.3590313963227436,Male,0
62866.48602029855,780,181639.80328941258,7.9114653788401395,0.28074346605369616,Female,1
55372.75817316271,690,199542.04807326724,7.741134957027773,0.3971266762309327,Female,0
55363.25303696248,718,238498.4365667611,8.568927936455708,0.31877394097928435,Female,0
51799.79873119102,726,231265.91670107516,3.0830448377999673,0.29540545599830126,Female,1
43405.59731382549,802,185006.1262751694,8.197891159195478,0.3242571700583945,Male,1
42287.807770367326,686,243950.70772785036,1.9452382957468144,0.4672306249074566,Male,0
46136.502835975436,624,218517.0133664423,7.271912671324241,0.495889253021886,Female,0
52138.674030981114,691,127904.48219440955,4.32596029511039,0.14841951046893548,Female,1
57749.1661945121,719,201713.5907100111,3.1551676924518706,0.31170221638030005,Male,0
45642.73627657436,669,215317.37669660113,4.918357602866429,0.32555684513170646,Female,0
40793.559712555754,673,179328.81146817794,9.673716296955071,0.33573535118021913,Male,0
56729.31156911439,672,161478.76004310604,4.905585889388949,0.2048686206966462,Male,1
59634.68111608526,607,172161.0613578317,9.08302011430932,0.10809975191603685,Male,0
49113.84280269802,690,153890.55472841862,6.9528970363383245,0.4480572022206949,Female,0
45024.21841217563,694,200593.1339590392,6.062928144556581,0.1294244115910865,Male,0
62150.82701013377,654,155478.21235286692,6.884308909501115,0.16353507815280627,Female,0
60003.10597377296,596,168538.96635763187,9.366204013178574,0.2566992350420847,Female,0
46386.545069376036,612,184699.30228212956,4.251033385343242,0.11516677762945333,Female,0
65356.6885726762,707,216010.82889744145,9.817033874247365,0.19325892144723464,Female,0
46573.95236585093,653,130032.89170756146,3.226353142272879,0.4488441635172109,Male,0
76288.43348747367,690,147490.67313191653,4.535929006596336,0.36059043517162803,Female,0
72198.07780121965,636,237065.99084539572,4.827491093615251,0.33958665452955017,Female,0
58570.567014195716,625,253439.6160697146,6.96316440218229,0.4903327559130829,Female,0
74940.71528708725,693,161390.38060978104,3.735253065679122,0.35936957270863157,Male,0
74785.94993519795,698,302224.0778599972,6.005481699605354,0.3363999836343815,Male,0
69442.94376332716,701,248570.617883618,5.204620347808509,0.40421288084177454,Female,0
50643.465589562926,689,81626.11733133609,4.769403778989014,0.23800826664418664,Male,0
63757.39275518815,742,294609.5880416534,6.975895858371529,0.19257465218536987,Female,1
75171.94553112534,589,357888.5641522149,6.587899801831008,0.27352321460733076,Female,0
69327.14943325795,611,145156.24603080068,4.093708876926183,0.1178640115508895,Female,0
69425.1826389642,741,205556.4687648256,6.820286450619222,0.1933017287290194,Female,1
83688.19223261088,724,183942.04806471488,4.392182681245778,0.2894523021938438,Male,1
58512.36204330926,580,248015.2584043334,10.493531406697663,0.16298118287593866,Female,0
94483.47185428876,697,156603.87686244232,2.580471112923253,0.27380107748772176,Male,1
75437.33455988465,739,230747.23195156892,9.072858899150418,0.4535504447943527,Female,1
92448.8208495819,663,155471.55947044928,9.242087406685961,0.1416041190912563,Male,1
52042.48278584209,677,226534.1561505024,2.9455636707833124,0.18442235570674026,Male,1
47142.63665375576,726,184727.7648779159,3.834560279685557,0.2602357429279245,Female,1
74450.64193866483,642,278971.89458474296,7.8169084061143765,0.3491316947844718,Female,0
45608.4114491478,803,222561.30080680494,4.813591800592074,0.3023469194114754,Male,1
74327.13480751857,637,248508.75412839296,6.2474081771613355,0.1471625247281137,Male,0
59880.41038025074,683,205400.70604897506,5.628046572004067,0.2917301111086062,Male,0
31595.779995693214,736,263892.8327515257,8.253432574571862,0.1315787859346488,Male,1
61883.64680207313,715,115956.47703809399,2.524502300763386,0.47957605251370405,Female,0
72266.4944880043,612,162199.79902716976,3.4327558148674724,0.1218486145956153,Male,0
89646.60876773228,737,191306.30898427067,3.9390423353553468,0.37615733543747354,Male,1
63261.49309769584,661,208168.01774579,10.592598577662049,0.10641456001225831,Female,0
78269.38728458338,630,192476.59292525088,3.30845500442042,0.4884422033459018,Female,0
74212.89693184287,705,236151.8969789932,3.235674203227071,0.13212924227581335,Male,0
77602.10786227987,711,339610.4433954981,3.3751377100724373,0.23664642498693392,Female,0
59783.215936825814,731,186593.04303791185,6.940231806255934,0.3295451095850601,Male,1
73427.89830041598,564,280395.75305595784,8.002461493305242,0.22110943694267698,Female,0
79215.2454260267,663,224599.6743418248,2.857874768667635,0.27256228146791417,Female,0
50346.75251523807,719,248266.33335805632,4.004663684683633,0.185488461128807,Female,1
74944.0022917071,677,236594.90346171905,7.753304593385412,0.351473733369842,Female,0
37821.20631330238,659,212686.86483874166,1.7539466448741914,0.2491239956812822,Male,0
80122.13873296321,688,245339.36364661992,9.068320142630975,0.24358817187480347,Female,1
76457.29067630543,783,216618.84167598048,3.629902565919461,0.24755917740823744,Male,1
43934.19480526427,720,195683.10708766367,0.8980206161451321,0.47375027185616836,Male,0
54240.43092071472,742,163921.54588299853,2.831495614465251,0.47934549240859214,Male,1
71874.94040944404,670,230951.64732942663,8.223589370689794,0.1854851899410316,Male,0
31872.41295531383,686,205698.53340638863,4.223706764382864,0.441505240800791,Male,0
28988.36849940185,707,130832.96115141948,2.083513346170025,0.46592605967649114,Female,0
64330.40443919785,706,57498.49453414089,7.984606081363815,0.4445791685617393,Female,0
74810.01774883653,715,172828.97851117415,7.683376529315387,0.21676384551613748,Female,1
83443.33152762297,644,175666.18385592016,6.2995522018146275,0.3598931395029563,Male,0
44937.88849871898,751,142400.12262104283,3.633972730564062,0.13715988579764776,Male,1
76760.9822385369,721,190785.5499083644,1.6711718962909075,0.11813252081919763,Male,1
76881.52176622154,703,106255.39679762335,5.71015136307918,0.10559736406818505,Female,1
50347.22654429785,710,314439.5330440145,5.01074780549835,0.11219330412455522,Male,0
53558.91688312121,645,203251.231559439,5.6423329468584,0.38163987375898,Male,0
69988.86378081692,667,243196.1774981223,4.539497913290648,0.26466031872065254,Female,0
68887.90423801774,640,191019.01392971835,5.406474116950286,0.466793358872561,Male,0
49983.306652966705,719,138779.88964763642,4.084072539444305,0.3079341468620539,Male,0
73731.03176553111,697,184480.45043112172,11.106594370158785,0.1202405548487219,Female,0
70784.29965997601,717,190795.65664920403,5.04300926652728,0.42906244908415414,Male,0
58256.56435317063,733,132435.4798650783,12.319623400956505,0.42472430777567793,Female,1
54407.502718623495,714,214775.58457951693,4.26245504766805,0.19298761608670537,Female,0
56287.22046672743,638,216201.82213532666,5.4975770803960184,0.49596859650997605,Male,0
60446.34209243618,649,261535.1452492235,1.4507434542507043,0.3192132288886372,Male,0
45010.466515576336,667,148515.18801834696,7.555787212372527,0.27963518286743083,Male,0
75464.99283743926,786,217060.79212460166,0.0,0.23940231993263641,Female,1
37164.61220673163,703,133817.52145789104,2.4156697116071406,0.4353596353946768,Female,0
67619.86990368816,709,252363.8204279731,5.027680978986407,0.3180763316361186,Male,0
52428.376181576736,783,175799.14381889577,7.744603394293549,0.24233215146706436,Male,1
40211.29208101849,667,293202.42652058793,3.1820298617452645,0.37070661649585623,Female,0
41097.528522411296,656,246312.8745542196,1.8843774288927322,0.40144875223374366,Male,0
67337.80695221495,627,144335.25829426845,6.838475965007964,0.2035928709727867,Female,0
41640.89599856615,622,168548.10693981947,3.4404975628243215,0.415964680089122,Male,0
96948.6316872793,639,156350.55165553236,4.029455159646629,0.34887905851205325,Male,0
58791.003760548585,584,156655.77075582667,0.7338245084962072,0.2795706837075578,Female,0
73160.43435863507,672,304554.71363662387,0.0,0.3068193418760533,Female,0
88641.24960705196,668,139491.97485095574,8.968109659966938,0.4004131846150435,Male,1
28041.50280289199,735,226543.35810335743,11.093476139219693,0.4979799944487767,Female,1
51971.47182659148,731,272183.5159583119,7.45578385502964,0.2760875891884008,Female,1
63358.712010969924,549,288774.5424620024,8.87440666719609,0.22024822394225685,Male,0
54520.17673031837,741,202203.12837032997,7.1517906313496455,0.15821581252905853,Male,1
47158.74261136699,680,213459.046012758,7.395504013721661,0.20932494346148786,Female,0
50595.494133183485,733,282528.64816164237,7.109761484287842,0.48981302146494987,Female,1
64713.709988929106,558,209716.67316691167,2.7957703595818724,0.40313851717298843,Male,0
76180.21250146943,619,223039.86218079837,4.222334560987722,0.1706216768971362,Male,0
68795.4602813264,704,175803.32775243834,1.8471765014331183,0.45399744535801034,Female,0
41435.063665090536,662,144761.26631792416,0.47002048826237974,0.4498906020884833,Female,0
30718.68300716247,775,169192.82709755283,0.0,0.4958891561865225,Male,1
44512.141447086906,683,225464.7661821004,4.3710800197425135,0.39261024610743267,Male,0
75876.36730274382,722,267640.02674483624,0.0,0.3779548343229121,Male,1
41854.578857383385,784,131218.2955606819,6.548489068779408,0.46116758929322155,Male,1
76890.75376158251,680,248791.16686442817,2.7336175958213547,0.18892728368569053,Male,0
76372.60277883692,716,235132.9999249653,5.806327367445924,0.15224958674771671,Male,1
87784.17276763407,667,178758.43262371808,4.281332423188702,0.34663513522849854,Female,1
60045.69030230122,709,220597.64995309047,0.0,0.4402088438419899,Male,0
39777.21866841431,618,216668.4925630439,5.309234664592545,0.3151083111178439,Male,0
65280.83094771445,658,258558.38163530733,5.682215236974862,0.46381542796535546,Female,0
32984.13398770892,636,183106.11122630967,2.5991201551778698,0.3023061769339222,Male,0
47876.0141753861,654,309520.85005942115,10.502403693087173,0.3034961157720568,Male,0
55270.96133039481,736,155320.24931404396,3.1481428793633386,0.32648192940285814,Male,1
60403.28758491796,661,197102.4729118641,2.687559108157732,0.478143253782613,Male,0
75338.5564801446,678,162880.68147846326,0.0,0.33277488559761337,Female,0
53805.032667848485,714,203161.60732565506,9.727161351121294,0.4372173746686814,Male,0
63199.405610594076,636,228524.36654317868,4.364331406405272,0.3142146711188779,Female,0
77371.66310250101,699,174157.6558413086,2.6076856487897033,0.4192186331347282,Male,0
64346.62285344619,711,184855.73781005034,4.048691502278103,0.24640535673606045,Female,0
50914.27615494993,709,160200.5544995623,5.299964491296655,0.4801768936360413,Female,0
45968.41946933107,695,281860.58223514265,6.916870442638236,0.3431518575494219,Female,0
75454.25181047764,742,206903.92042087734,2.094549059114313,0.48351384189001245,Male,1
70978.06056432443,702,241560.5551599878,5.233811889674629,0.45282176171150745,Male,0
63655.30817237868,687,194316.66554592823,5.232756168459173,0.36406905665878275,Male,0
54702.505607839674,731,224139.5062030159,0.0038460852770008103,0.19203631681601585,Female,1
40193.15080373586,664,181411.04942382558,3.5600955615538203,0.4373566585316283,Female,0
50095.18290789829,738,191437.18475875328,6.547158857510408,0.41504045858465777,Female,1
43161.82790633379,661,147108.16906948827,6.206593474737054,0.2390319617430001,Male,0
44198.76655239516,767,192531.92521751794,4.677665354617252,0.39878984187470823,Female,1
50433.900236230256,692,326496.38746259763,2.5154583083794755,0.402711922791415,Female,0
49854.115469110955,715,171077.01355618343,3.5401064354321923,0.19051305091746706,Female,0
61152.32836590383,623,131396.0406365193,7.963584747219528,0.24743067753525505,Female,0
73037.3409658391,601,249430.43967495873,14.863283562166217,0.4139348999130541,Female,0
66715.75388715416,746,196443.9854584832,0.0,0.4834216031798112,Male,1
49284.72872960448,618,222424.272709822,3.6114311428568606,0.4303894678333948,Female,0
61596.453415378455,637,153796.85963294673,8.82281677620311,0.19311187377499162,Male,0
51797.115881394115,663,168487.5352497782,5.844045042468731,0.4563247577255213,Female,0
60894.45554880261,700,235737.28249444725,3.207856816864571,0.28092566990539103,Female,0
66314.59416584084,721,199197.2980375707,3.4535921807484224,0.12275497534245963,Female,1
61288.39509439996,725,153631.3497152033,4.0704652959077805,0.32988128156779517,Male,1
60195.02837816861,626,192148.75857776462,8.772839337729952,0.45318098233899884,Female,0
50132.481692217945,656,239010.08605930375,0.0,0.2416882712137104,Female,1
47911.94900255717,748,219952.20703232632,2.342995447980752,0.25934212878636365,Female,1
54416.8983589342,759,196344.6348995531,5.685446533154575,0.12490023597658172,Female,1
65530.9972097628,708,204064.57125212406,6.262299687555759,0.3834820802196012,Male,0
68149.47043554582,651,157807.30612875504,5.165511913614392,0.25712308678101553,Female,0
51834.25913212226,606,184111.9552991302,5.141896229386184,0.36758065670425,Male,0
58248.5112630713,755,207212.676114102,2.5707935978305656,0.4397034505998586,Male,1
51756.89588106698,688,238365.36813012435,7.608717555960263,0.3695925089266203,Female,0
78058.26655753225,751,256809.5687321271,1.8255607061167654,0.3023705017968682,Female,1
37453.79547360273,713,251632.87583110062,3.6590673415818777,0.45816562322680787,Female,0
86918.36795276681,759,155060.00948780813,4.937236887850769,0.19197006541822426,Male,1
64309.93356604514,754,231167.11503374143,8.111514417596013,0.39950932872872313,Male,1
63657.010706567984,682,178518.25107362456,1.2111111893980318,0.49892824465590824,Male,0
40316.71209852891,662,129996.43827991307,1.3022328074932545,0.1519571305195022,Female,0
46830.261198651584,743,123721.4145969458,1.1068148729563023,0.4512865241096812,Female,1
38278.73487754013,685,178385.2410446335,5.992601085219054,0.1825546968992723,Male,0
78670.1937110518,573,158091.17588342342,3.9450194484973546,0.4380422563921048,Female,0
58970.48930871797,700,273974.08809304365,0.6499509314974015,0.38858781514859486,Female,0
52365.54561438752,665,129822.06852181687,6.2989187841309064,0.2449839394458242,Female,1
22045.687158805056,677,154689.23339763944,2.6861917499675574,0.3356378703266324,Female,0
62255.906797143114,671,263398.0243551544,6.099818741041415,0.437035351773467,Female,0
60282.744344172716,647,142514.6263551297,3.214082906918053,0.3247255521353235,Male,0
63697.571676480075,596,243891.3015619563,2.0829949885514356,0.35545015964097026,Male,0
39733.88450687968,688,169983.06704967565,8.555020950749046,0.24185083777724745,Female,0
66388.30809289553,751,232183.43765112455,0.0,0.33993648845724567,Male,1
72986.32791255182,752,246446.60067661075,1.6798010368116474,0.17325414862870794,Female,1
52377.897035290334,699,100765.6029277045,5.662525310871057,0.3453705046084928,Male,0
43644.01383835731,704,197058.35729342388,3.883807024006022,0.4578807444096735,Female,0
44681.5077430393,762,272328.16456256836,5.936186395180215,0.4405705577660025,Male,1
56116.42539443884,675,190195.33946615312,3.4836583710394184,0.4699143638856055,Female,0
65581.58208910294,795,208697.36042064056,4.608273628114486,0.2886378689107175,Male,1
72381.24523482045,804,138020.59937374858,8.234376187384315,0.10893797350651649,Female,1
70097.72026904937,733,132600.21078164154,10.032876326468404,0.36552404210011313,Male,1
63783.60594640016,656,232142.77469814738,5.221660808373662,0.3926959894342421,Male,0
69575.87888412575,702,240938.2985424408,3.3703954988709888,0.2026794185858261,Male,1
56798.35693604688,737,318464.36504057486,10.686522037974065,0.498608828769869,Male,1
59397.63074033485,800,197078.4940501256,5.1901501779131545,0.49807284824997555,Male,1
68482.64468447317,763,147200.50940365784,2.0333829570932487,0.3870147454050509,Male,1
51395.069896796456,681,241657.88833147174,4.844135687297666,0.37210625149142984,Female,0
99665.15020525552,677,190515.32532737963,5.743538845705475,0.2709742678205188,Female,1
52469.18663471083,719,224030.42966736737,5.371263927572831,0.36133596976752436,Female,0
60367.652613884144,696,187053.06017108046,0.4825027840081386,0.4135667715386194,Female,0
29428.13197233219,711,273755.6182154928,2.04067850270226,0.32749117665926397,Male,0
62921.04292078162,595,174469.57503512103,6.4795870654696355,0.43300176001294177,Male,0
75008.73477064467,759,149968.53137583798,2.559006274587342,0.13585381792833112,Female,1
85913.14755151067,666,256869.0548814457,7.296312483125048,0.27567686627306676,Male,1
53317.462178988426,666,237464.12784397256,4.471597406867665,0.24504678063418484,Female,0
45495.3578530618,857,186155.53221155982,6.577811840763951,0.49223684952191493,Female,1
63906.63395000334,667,196627.6720722409,1.0245285344067145,0.33142402207964794,Male,0
73982.87346390577,693,141853.05065735435,9.154613281382133,0.1901608459075201,Male,0
66424.60645811472,780,172371.5326940574,5.6788768017303095,0.424982380161245,Female,1
59203.19020473682,782,119041.34717420676,3.6924279350557794,0.43949479703726957,Male,1
61565.339062848194,699,132519.7372144036,4.761871579939063,0.4568923439795486,Male,0
21564.995118070343,620,188386.32486002636,8.278877332690005,0.20719857951814546,Female,0
62948.32164767362,704,94655.54426869596,8.362057119267785,0.4057731449480768,Male,0
57598.00806650039,694,153745.76897606824,5.164084596123878,0.3645608132475132,Male,0
64611.10046713651,610,201985.69108598173,3.7325123137026983,0.35104988036922125,Male,0
58883.498563499306,596,241205.1448427853,7.510973463901021,0.1831543487677502,Male,0
75015.69138850711,704,269596.04438399593,4.519883979261967,0.10301643708639947,Female,1
60849.74887345661,699,231766.4597608103,5.756011283605785,0.3558990848150718,Female,0
61040.16505554376,715,198115.6439628881,4.368395178941024,0.283111740506256,Male,0
66875.80055327226,710,204092.21672647694,4.418015622300125,0.22533113286052622,Female,1
67410.45279424108,723,252502.45207767133,2.986955463012639,0.11430987628560314,Female,1
71684.04755268172,640,133802.44578902185,7.072102668045911,0.1615843976417705,Female,0
49662.18272865648,709,236604.0475716511,3.6021470657838477,0.11836802243650522,Female,0
76514.39452497856,635,215686.15914484535,1.8629150873662637,0.45930906579702147,Male,0
68049.79128790929,753,228702.09654420151,4.764234821256929,0.13044042233334496,Male,1
56627.16027287882,657,175290.49884665437,0.27911293364904566,0.38790456520773287,Female,0
40045.29561391515,622,180008.66328567368,4.710846091055309,0.1594737569426787,Male,0
81654.48005203222,804,172236.34559934144,8.893749516982286,0.34577346193403813,Female,1
53140.47517369815,687,118179.84903967576,1.5147460994707664,0.17064937040983658,Male,1
45141.955123039676,604,258590.50716369224,6.712837083811618,0.15455415717347074,Male,0
64507.11539416242,664,242305.92346479668,5.98946918260553,0.2078544660866704,Female,1
54689.38933588464,620,123486.04320351062,5.541016071991662,0.18152779748660453,Male,0
54610.61863819411,691,290278.72163434076,3.9934525039008015,0.25079753168418195,Female,0
51299.201379449354,668,250365.21787366312,10.751863905817263,0.4624077823105953,Female,0
74014.79866858911,620,135619.73581734695,9.195451979207963,0.42714962543618906,Female,0
69527.57702522955,668,267672.68238106015,2.654983782959337,0.18014412160138013,Female,1
44962.05953043287,691,188236.30450137806,6.447601129463555,0.34409959131592194,Male,0
50295.94833441639,723,188313.79710741373,5.331254140838359,0.3937789111194753,Female,1
54005.45721578097,727,184396.40339736335,6.836514855855752,0.2765244449553841,Male,1
52132.196005803395,708,235758.7195064029,7.963185547773799,0.4288731623266936,Male,0
52157.09959270098,724,199385.0775345971,3.1977562080842965,0.21261401604275776,Male,1
51775.96807612384,712,293453.32518391305,6.405593770715372,0.2551132629785516,Female,0
45653.45434772987,819,180077.73625053166,9.096681111296533,0.3138958861654044,Male,1
56338.79289488698,612,210086.9327398022,10.287419494608837,0.11956473011139482,Male,0
59945.96191364148,712,137291.9506502198,1.4210798869425894,0.44400670116381813,Male,0
98695.64006481477,725,236339.7023200902,1.6879230995828438,0.19502633735339395,Male,1
65844.21266056356,731,200378.00901970666,8.404305844600295,0.21104779984775535,Female,1
43987.006286185904,558,108579.70595790185,4.916091756539053,0.3485208356688395,Male,0
63411.899019061944,742,175787.08240345848,4.99513484910986,0.4368155134422085,Female,1
56447.72089889987,673,140166.7203857802,5.807158079047121,0.3003479813528662,Male,0
73309.36255900114,698,180943.11516632905,4.576550982971583,0.14484545933527848,Male,0
58368.597773147136,610,174370.56015107455,4.912481902320318,0.3987614621422093,Female,0
66948.09438148685,675,183757.1036750727,5.304268892718974,0.12280263785987695,Female,1
63480.74906036454,781,203783.6770306693,4.514698156502993,0.25930256366280463,Female,1
63938.419935028876,693,209150.6464155741,3.2842143614047017,0.3244194941466815,Male,0
61012.92307031886,679,324609.19993003435,1.8931878318638171,0.4200632946659185,Female,0
58549.30332194411,634,271438.0081018385,7.033909912689586,0.3716510949603493,Female,0
35542.9013442729,625,227991.422441403,1.3975430004948786,0.14517063651555004,Male,0
53048.734607813065,695,197063.97864476856,6.025261762140618,0.42320589962511346,Male,0
68272.14412859284,680,196761.38701010618,4.896283323542543,0.3271562193221621,Male,0
50813.43938039343,604,210885.91005435833,9.936064856812234,0.2415982278178667,Male,0
40848.77136269536,687,169636.92929569577,2.131592891124382,0.4502797491770262,Male,0
72305.16018918683,684,177241.41080231182,7.176256481473298,0.26096739770279287,Male,0
54118.377703017635,656,203607.66184108806,8.649342161831239,0.12305707823895738,Female,0
52447.86518825701,679,127247.2697454724,7.983243584622754,0.10424296934812777,Male,0
70454.31606766104,680,125606.91482546885,2.220460235660756,0.32530588820824824,Male,0
42776.050668710726,755,197954.12324024655,9.590556871389683,0.4418695481001207,Female,1
53020.3431482992,776,191267.6027159186,1.5020774429586168,0.4329912000127636,Male,1
69384.46400469002,766,239928.3336555295,0.0,0.4724632364442489,Female,1
35062.62017946488,615,149120.7611393312,9.415126695085672,0.439844474604432,Male,0
44901.86152080538,712,237989.36184765387,7.018270361598265,0.3816489416929739,Male,0
67513.75781436572,660,284617.32862316025,10.54360098710631,0.22523326774054084,Male,1
56249.302281015705,747,155701.46330511116,1.0536852023382135,0.22023084322160888,Male,1
65899.76759091558,651,196638.48464019343,6.174653525780282,0.2961641444547221,Female,0
56381.459132155054,725,133377.58260527172,7.603416378627337,0.22489273584829408,Female,1
76582.88899436976,669,178210.5135188182,12.509515372717132,0.12319902898908337,Female,0
61012.777221151635,673,188545.94845391452,4.250318792563862,0.2007633061469686,Female,0
61994.54511220314,682,221617.635710017,0.0,0.20108314388364998,Male,0
48862.73651192424,706,220657.37379763112,3.499541956355812,0.31563560208271757,Female,0
64668.75231815304,594,154475.66482342393,9.772387226513757,0.44193366049493443,Female,0
101394.90058366617,819,299269.0197630147,2.0451616246489026,0.44254133952540353,Female,1
62771.108683435865,607,276416.57817431225,7.8002688634275925,0.19202174709875883,Female,0
73069.45946185866,747,274650.15522216016,8.2056486753659,0.12528973570025348,Female,1
73234.99593485113,691,160648.18605333506,7.026472541796409,0.22847170358698562,Female,1
50853.25643520927,764,184702.2784234204,5.278229197338657,0.48944305952027944,Male,1
61834.46254548425,650,240664.02030322966,6.467391669947863,0.37307940191033473,Female,0
68201.00352302068,701,197937.01736749697,3.197511082712256,0.4865739240337279,Male,0
52632.69379286843,715,271691.64193299226,8.908785265837434,0.36547805556495316,Female,0
68903.35083421294,776,279869.86466108117,6.132664198513732,0.30580086594283684,Female,1
52240.673248494415,680,299601.83179796545,5.885586104476508,0.24160197727249708,Female,0
46771.88023158423,855,158243.77480138824,8.537789475737688,0.40448460606618963,Female,1
68022.26004518865,667,202227.60827855757,6.010709791929848,0.2518505865650845,Male,0
63506.788676861215,724,104132.55569948505,7.397204219426898,0.2529023658625619,Male,1
28694.59472096897,718,111592.15441233841,6.225456014439411,0.2671042686498169,Male,0
73534.15760679971,746,143740.10861311384,7.957845149944164,0.3134030650065947,Male,1
69784.84317620129,735,200608.48411414525,6.352437008995399,0.4232441386457374,Female,1
52892.409793936255,711,229226.20259187173,8.947465520048668,0.29374726053706324,Female,0
61938.31772962841,736,199914.2923165468,6.220542905419349,0.36485093954169956,Male,1
50857.31696761075,707,217766.90977950685,8.398779161903104,0.4787159106900637,Female,0
18787.42735912148,626,286899.249256176,5.121568826951029,0.44876559550345463,Male,0
61139.32901874131,698,162479.4936122672,6.7653085407209215,0.14992706761673708,Male,1
50660.25957398322,732,185477.92589944252,7.6359645505411375,0.4731248059881027,Female,1
71661.11029146767,701,139462.86866854178,0.0,0.4022430854007193,Male,0
61028.44462209041,698,172629.62386165635,11.0406628839461,0.2805071181485067,Male,0
55514.88974301199,727,155228.60195374792,1.5360969838134673,0.1049664356677694,Male,1
50128.25266387115,717,178815.4641544662,6.161444948182719,0.3874781548590156,Male,0
62562.981571919125,668,175043.0524264817,2.748119534069733,0.32220294093081825,Female,0
60155.28929765071,679,144103.619598163,3.0387739105790974,0.16391422484542817,Female,0
86629.66338914268,827,184621.42914421004,7.078327309124713,0.20259221054724239,Male,1
66275.97331333025,703,298703.9343872512,2.5888290173159443,0.2872711051520801,Male,0
54193.04025315728,706,220854.7662211623,0.0,0.17467771898456486,Female,0
39421.48285602966,645,180328.10518627247,5.991839783271217,0.1804736568666607,Female,0
49940.69686385033,817,157245.22627953975,2.6910007729658343,0.3732199592118254,Female,1
57195.43045521831,683,109536.6142705871,11.181268095334097,0.23444385848824154,Male,1
59534.11600693647,763,223165.07551171153,3.930718638424764,0.30242955938668403,Female,1
58860.73464536216,636,263192.7969548194,6.003124240619895,0.2958760168643526,Female,0
48489.78655667926,648,254924.24380259094,1.9228298150761778,0.39427900212250155,Male,0
42091.12490401417,713,238642.39192718617,3.370934160842631,0.4397075001752725,Female,0
49842.574327318325,728,185571.24414229495,7.615107756796441,0.28126936475755293,Female,1
82667.3239537102,673,147194.42154064568,4.689236316058806,0.31045710387565856,Female,1
54972.933282428225,728,210356.97183892844,3.9800488329454424,0.12577505022107693,Male,1
52758.847167269516,645,215283.2784321298,5.548743690860768,0.4625069589159321,Female,0
63016.485700724515,677,157975.35072466545,2.74064800813826,0.3061021456450308,Female,0
74271.7391558713,708,225819.83338932894,2.5459934457747613,0.3340732565993654,Female,0
54852.11586753884,663,222242.67687787442,3.9585155527446507,0.43299470984785804,Male,0
66064.42132442546,661,285918.1997881938,3.2788905671220454,0.34188391755495684,Male,0
91326.64159304887,766,184416.2057117383,2.157407777083664,0.2139167956266857,Male,1
66554.07254619525,797,242579.55229465986,3.0461376050504545,0.11926031566928037,Male,1
61454.93947489077,709,261670.30381763348,3.653274838060981,0.46748949973353227,Male,0
77226.68563795132,694,219698.76129322013,0.0,0.4975647952927128,Female,0
56483.88299525517,788,310480.27880211885,7.476671224608696,0.14756120707119735,Female,1
72763.46943251959,684,205263.9311954839,1.4563964805533596,0.45002358566757716,Female,0
46163.84723252246,647,185500.932278168,2.2395433056269427,0.11517989209594832,Female,0
64036.90411867661,704,127803.72264631216,7.063706248677194,0.4046883564380752,Male,0
46096.04292632875,688,270820.5895850146,0.0,0.2630393335328725,Female,0
78179.159780796,673,309672.4775144193,7.203277558429001,0.20848860815364728,Female,1
33463.86142666322,719,312701.9054460559,2.7720225026828653,0.2634703915168789,Male,0
66663.94967229059,692,165242.53209615638,5.879853287014556,0.45172866370602405,Male,0
54099.91781508959,693,202750.14680166874,6.109776839013171,0.3563566659348828,Male,0
87007.66772266281,648,142902.9090419344,5.650158926368649,0.40064822033792546,Female,0
72202.75826054504,723,202191.43997302142,3.1669966277311126,0.116207810175868,Male,1
50687.28602623326,681,177139.0730340402,3.4188016452806775,0.34448346112621697,Female,0
58521.17801573608,746,209556.2116918196,3.34162724736446,0.4249804526882376,Female,1
39651.27293064892,670,274187.1955101853,6.23625039461438,0.1282672761232314,Male,0
58047.85418448473,816,194695.46823292898,1.7054408486655506,0.4218948259067762,Female,1
43402.11136887495,658,216888.30495273008,9.55526609195654,0.47354681594052794,Male,0
83235.30227242781,736,230205.3727719522,1.454013434306526,0.37267938803313383,Male,1
66866.59299227828,754,290381.54028353427,5.4280652366048905,0.37628915769158755,Male,1
65916.78213567445,694,234264.5042355484,3.2761944254498268,0.16287298864334943,Male,1
60903.4531491154,684,224029.33792138562,8.18650234276598,0.19107465037183938,Female,1
35077.1990659656,792,223002.1161930233,8.696985815643991,0.34631591959204977,Male,1
52921.0220131585,714,226037.80601793557,0.5172094128012841,0.1678231977480542,Male,1
71148.96141034072,610,75359.47503023232,5.0719400570467785,0.12381765520099851,Female,0
76865.30039805754,661,111028.05372882845,4.754377468427483,0.3600712503844048,Female,0
60573.56992440043,699,163977.24646624707,7.981220788603872,0.18331908923387671,Female,1
51253.83842146592,671,153782.1333184812,4.856423217041728,0.23941866064135106,Female,0
72736.53166114716,612,193753.92023382173,3.6248049103616187,0.3408198174197403,Female,0
79346.29131124119,622,169161.23192401463,3.71029968437634,0.4130483156308037,Female,0
76364.70637778951,689,170613.10153400508,6.884236090700746,0.28647641453157535,Male,0
64337.52965861727,754,204602.7568655996,5.805239821083687,0.1973782536114979,Male,1
41313.918319320175,669,247876.85816398836,6.039581054939001,0.21417911487994623,Male,0
51292.14825292916,670,305564.8167049792,4.196303797524504,0.4406204468197469,Female,0
37117.12243612892,726,108074.06883639646,0.0,0.27986466524516906,Female,1
64160.654069372875,663,171737.06303947984,0.12824647229009845,0.48776004502647474,Female,0
72791.6051268333,721,219747.89851616535,10.43156743526298,0.3533354327370358,Female,1
42469.82943570702,662,158150.98227802065,7.187710847932259,0.4672767092918936,Female,0
55909.146453784946,644,289924.0043569059,4.121726243682636,0.3011374842572542,Male,0
43414.42997271096,853,276340.63317886327,8.896079872980271,0.39061047744396915,Female,1
82845.44784612038,794,172600.20906294312,0.0,0.10693837074148718,Male,1
20703.82343865383,663,285366.49047796114,11.163544668214278,0.4973559514956273,Male,0
80604.87817744436,714,206277.42933255743,4.989557454280394,0.2885179314133267,Female,1
71362.61565070957,706,175850.80369635797,0.0,0.11140739756451704,Female,0
56487.945645762295,633,241857.72431656922,1.5328772752492545,0.31741609509222835,Male,0
60511.25202388839,708,194117.2534198918,1.0026506570053852,0.11572779506738931,Female,1
62911.34989347462,697,198424.0743335948,5.286386124074889,0.2758569282099386,Male,0
49270.444361100475,738,241466.18862914311,0.0,0.4312500767427604,Male,1
33904.293318328506,715,205856.21080749258,10.345054359400555,0.36245481763280796,Female,0
67574.80918470686,616,266627.5733832564,4.95949026622107,0.481429414964919,Female,0
66938.86939280927,703,256781.0292745738,2.0588352455495755,0.47648865403811624,Male,0
22508.9142768964,700,213611.8362663694,0.520430563373206,0.28369495654563637,Female,0
56175.66309669453,712,223981.26597757865,0.8164146864035704,0.24790100318921118,Male,1
88268.79458901913,630,250796.86117817782,3.310756768842879,0.1708466274713492,Female,0
45700.07087611932,687,163437.27155935217,0.0,0.4401809093449035,Female,0
52691.956182076094,693,139804.317551681,1.5908744998884279,0.29039038746389845,Male,0
72722.61319000002,734,150899.02513945475,7.528322090297081,0.46128266716631583,Female,1
39492.93290309631,628,242981.5393427423,2.738877065414762,0.25231349383684387,Male,0
66478.83817010911,819,229028.38435178075,7.414827720912042,0.15458044730818343,Male,1
79123.12561918084,701,161561.67949807397,2.753564986929269,0.20104778424070988,Female,0
54172.22320366671,631,216046.5030962829,5.7449164272079525,0.15754629712273754,Male,0
71131.91236607838,733,235663.31253982714,6.300357325098442,0.36447635989277527,Male,1
46522.98027313444,620,47767.173037841916,1.178488024597387,0.2802484191721103,Female,0
86583.77395004616,797,198003.6768313318,5.552358194984508,0.4633154493949315,Female,1
88230.3674471255,601,218269.71209625705,5.546511883136305,0.10959837832002922,Male,0
67466.14633637092,709,157451.24596592176,1.0739476070325829,0.3184618364828786,Female,0
62768.269547955555,677,200089.15205523046,2.9472734584542692,0.31323152892985273,Female,0
31218.431770514377,641,252047.70868988946,10.544327312316657,0.25801621427259935,Female,0
59318.83173101643,721,150768.31564910224,1.6960201136908704,0.43543106654857,Male,1
72801.23338170462,664,201927.7584392159,3.4606182609071507,0.45837379851676086,Male,0
71140.23627539583,732,91898.38500362806,6.312518610419109,0.4186384965631633,Female,1
60683.5775985572,646,190798.38004004987,5.2067183993629165,0.39632706317284616,Male,0
58919.848176294996,787,158215.5497489982,2.3102433780584253,0.1913280695187771,Male,1
60358.54564927433,714,220457.0461387997,6.867137355419356,0.3301763706122661,Female,0
61329.86386442156,730,169081.7489977935,1.6546212120095367,0.10045838025130252,Female,1
90364.64434930279,727,196458.1576041955,4.158284880204342,0.4959692569682914,Male,1
47093.799520740715,733,152452.33084527642,2.6053817709255376,0.19058424150322195,Female,1
92856.83438714968,736,161095.26070836428,5.193222567295826,0.11969776056331566,Female,1
68877.21200612067,722,291628.06201780064,8.487944176058578,0.186984137441558,Male,1
78415.03488709938,711,235958.43331777185,5.147284193917015,0.11234725301698441,Female,1
51756.6429613713,580,299185.20677393756,3.2216023004640593,0.4601621274260269,Female,0
76861.6907997902,768,150606.7044930114,7.257450131222655,0.3488238037128433,Male,1
67233.73429020986,754,222919.45049785342,3.267973952874999,0.35669857700042296,Female,1
60380.82630813615,664,228557.0621019037,3.118847463657948,0.39671333235588135,Male,0
55258.90715959425,705,207701.59208417937,5.584903117972276,0.33817997258771865,Male,0
48654.73882073545,649,235157.00986180245,0.523693948563908,0.2606980821699914,Female,0
65077.25765192536,735,254179.1551554998,2.4483038314896985,0.34454121231005674,Male,1
65244.750709495405,708,210374.43989260908,5.050102601802651,0.34392466319148063,Female,0
36210.250316430625,651,133549.6181388276,8.759174630731742,0.144743978538529,Female,0
80106.91577685522,700,81757.23136042438,6.713307885774105,0.30905737325245963,Male,1
48862.94121452927,583,240787.72433260348,10.98237122220332,0.4712981385752303,Male,0
53303.49578174208,747,287546.29709635716,4.438827450579012,0.3338024143933257,Female,1
57192.83602493177,630,106349.70845346898,10.890658500631448,0.39751237205794243,Female,0
60570.05217252301,660,215523.63770903758,5.736496045382938,0.46939041512735347,Male,0
56139.35193864982,743,131794.70030908208,7.470269553686935,0.4823246972697498,Male,1
52658.40836222667,607,163552.03749834187,1.4023870247130703,0.21883078311858908,Female,0
54943.71043322941,667,215070.35348905588,4.798969874824337,0.17310956106539854,Female,1
71162.87957249905,688,227231.22872496693,4.771165544781252,0.12596267848586795,Male,0
70352.1598756667,664,269512.7663755995,8.332733434203298,0.23652369619595737,Male,1
68206.78672762815,665,244262.81604329802,7.698684130214923,0.19038108434130155,Male,0
65635.47027518509,722,124673.29849048004,8.215041121671769,0.2864014057412052,Female,1
80503.11401166787,646,80963.04472382514,3.4769176148308683,0.31987370234129453,Male,0
32926.76849003221,641,214152.6581129327,2.541839508503628,0.2170385774495771,Male,0
57240.24995470981,729,259858.40136239267,4.1013517664024235,0.41653660960785455,Male,1
73969.20178674298,657,275013.7304500494,2.929171300288386,0.4331990968957672,Male,0
40650.58650388419,693,180144.23342160735,3.166744812569847,0.28373854853093655,Female,0
71209.40407684892,710,247940.8153233836,6.6030416403613525,0.3139272659772577,Male,0
73455.99295330698,744,74552.14107524621,1.1555270813935268,0.49615911843678595,Female,1
94789.94309972541,670,147264.777251704,5.355050196965531,0.35008332869717207,Female,1
76073.14728352329,735,141612.12920500396,5.539086143318621,0.48299662314838065,Female,1
83897.79939959096,794,167273.3214500845,1.3189577681343927,0.13381733415204922,Male,1
47711.13210417754,643,223322.22984201307,2.765063697544834,0.4239136106953255,Female,0
62003.11357173423,804,161251.85879680078,6.036861033954338,0.2923125671796454,Female,1
80701.37031221177,719,142345.78341301088,6.301242828045606,0.358709984432773,Female,1
47617.54204811233,631,234545.54786960964,9.174373900867828,0.45133424235503483,Male,0
75856.83339328374,683,276643.6677818156,4.817451439991217,0.2796558753837564,Male,0
88292.78851815795,635,316891.38726941496,7.276945086380338,0.20906719610725763,Female,0
72753.3261317024,684,192176.13119384207,1.880620326415296,0.3009177634775134,Female,0
57403.922635741954,624,215486.33895680011,5.678714266002265,0.12929260171089357,Female,0
86243.75856308131,669,160217.2433087096,4.941408831598693,0.3729801680761601,Male,1
42844.10689019007,676,235174.60741125123,2.932170130542837,0.3461622709711083,Male,0
32540.506547153145,679,163756.94580999739,1.6247110189309133,0.486848471301899,Female,0
16556.169327094663,661,193629.656380502,5.6022156222751684,0.23997141350856308,Female,0
57076.375794709784,685,179760.23102898535,6.830705017081989,0.13928355561954545,Female,1
68558.9800288974,781,240352.32083033436,11.515408002189806,0.1064235290720455,Female,1
56681.19564621342,705,210119.16852993477,8.319385312436214,0.19176747060628535,Female,1
26916.509143513962,681,287614.5954561016,5.677364102256564,0.23656490105097935,Female,0
80334.56788207426,700,221085.84665015485,3.8611265099694982,0.45674728175253043,Male,1
78938.76155140773,700,240428.55034450584,2.6786582633280265,0.42576942683166086,Female,0
69255.08924365047,718,172164.10510714186,6.61550946991713,0.3236043570387367,Male,0
52812.38643232065,715,202466.4082897422,4.693690823325683,0.4601504089390397,Male,0
56932.931685208176,651,184480.15981220154,0.03308191948975292,0.2917409156863333,Male,0
28899.146513877757,743,166715.32675532266,6.165273841032519,0.15767578556246123,Female,1
49469.203591839716,695,191864.81492154542,1.5303343487979912,0.4904925026803898,Male,0
56175.34173868717,736,137324.69938141192,4.659235659136849,0.20597235448896242,Female,1
66360.91566696134,780,117238.76439052835,2.465891003891052,0.4201640253300414,Female,1
61702.76017876872,656,205672.8020028276,8.430698134785839,0.12277917947937929,Female,0
53467.70444145235,705,138214.84889752956,5.604183676145843,0.2884893323614973,Female,0
47591.53584671515,651,125040.93990211509,5.927140505072105,0.21643155255025853,Female,0
47745.964935191456,718,126274.86564758822,7.83985492499131,0.29076217021291006,Female,0
37455.445074072704,727,242479.22655233086,1.7890383540444876,0.19535697687560394,Male,1
65271.72311312374,667,164628.02275939062,1.062533928991063,0.3331544006188871,Female,0
63451.06138787103,659,212103.53351439838,2.4532860308886066,0.4427935222845504,Female,0
51365.43260643339,716,240986.98586290475,0.7417004103649703,0.3290682332764484,Male,0
79224.65692505654,690,221797.38148577363,6.966663074865359,0.2632056667993075,Male,0
61257.39941894041,653,185814.66358176342,4.500543247155362,0.26269695487652456,Female,0
58265.27576417639,670,310100.6962329808,6.209898812500472,0.2424556648059873,Male,0
62276.3698837311,650,160791.80708200837,4.025774194754078,0.288634826583661,Male,0
39334.959480643636,652,141896.70898718585,1.6373090786955222,0.44492209463066823,Male,0
60220.32292093796,727,263722.0113924452,2.140527485734724,0.2924973821507346,Female,1
65646.14289146275,751,80195.88558347919,6.112603377413074,0.10292419546197631,Female,1
65424.54037571451,711,243359.37064138695,9.475021576405423,0.36153535592665054,Male,0
80935.25716184934,649,182289.6805745606,0.0,0.35227487532492663,Female,0
63904.20759874329,672,211535.58745374813,5.170119946517796,0.2477914894534933,Male,1
71859.38398744153,725,107587.07349607925,3.232518836033174,0.10765054024949215,Female,1
55169.07725691487,648,171440.80129579068,8.150958656829065,0.295011028162,Female,0
59406.672692150176,691,276957.1172905325,4.8454724187382165,0.4461663527153775,Female,0
57149.41447497758,710,37924.30873354396,0.0,0.3121642751901613,Female,0
70730.71973161866,707,190891.9708071038,2.896251366787771,0.4179803731298709,Male,0
47124.6332972818,713,303211.00674262055,4.62000791795701,0.475115052183516,Female,0
43054.397180135726,772,66271.64359229297,3.2785402582696435,0.35709676016057,Female,1
66362.48919602875,695,202759.96212650446,10.383574545176636,0.4984968394468082,Male,0
51037.347079625375,669,168320.52422530937,2.644046239210285,0.17407037553802365,Female,0
66191.71390404747,612,169412.01802477075,4.80836650150596,0.16115553825791853,Female,0
86481.81360421646,711,115287.20520024611,8.989383095615228,0.38892173173181543,Female,1
78281.42777545974,642,236224.55301908636,3.402179729979511,0.3431952924786151,Female,0
29942.064533898698,802,162988.38737256458,2.7577122402523857,0.23393114062214027,Male,1
65498.973691452724,694,161697.73987998,2.599331793800289,0.10145868111387052,Female,1
37816.32646838807,729,140406.2647904375,3.916309421256881,0.36084559144949935,Male,1
82347.95157903123,706,198740.56582352603,7.6949076490671064,0.4020471157221669,Male,1
68998.93094994307,679,176317.72711744046,8.19627417079274,0.46337848227616063,Female,0
51969.973694756656,725,156017.81622243795,5.761050662894291,0.38858624014333965,Male,1
57362.18393351893,813,223362.6107591395,4.778045655391193,0.34899332761161495,Female,1
82535.35578144042,813,206759.5170493693,9.627641634122352,0.34654252943960995,Male,1
59711.09430398408,687,220935.2289146184,6.971963285358617,0.42214306806471036,Male,0
71562.9779083045,668,149606.6043388935,7.259569849197646,0.38614128500008227,Male,0
35176.68845657556,779,188732.42574779002,6.928151457894451,0.2472278820869195,Male,1
66949.3279517716,650,276004.58704955503,4.647769098965392,0.17319908664083955,Female,0
74541.85800790106,671,167467.16893319026,4.153625170586795,0.3274416854279738,Male,0
98401.26807403192,659,214861.3610792543,5.594651983162461,0.39803206846488726,Male,1
74256.35757279076,743,242125.69482275023,8.081453107679453,0.28529185496361154,Female,1
69508.78533477016,709,248468.46512040272,1.06259808965435,0.4104195835477521,Female,0
57232.11963516226,711,256888.83903343312,1.7667681952089698,0.10383307508526225,Female,0
74296.8756806413,728,211908.5653069814,7.8326445207554425,0.11229087186019981,Male,1
38547.87933059051,681,248438.49478406768,0.0,0.475440126317891,Male,0
70616.27903183213,750,198397.62529181433,0.0,0.2890658917459379,Female,1
44773.58712258197,748,349640.52850303205,5.565360789287848,0.40135101809854734,Male,1
39298.47812677663,636,185941.79787677212,4.674416472305456,0.4277384594887085,Female,0
54428.38701006313,741,206214.28474254254,0.19645640356528116,0.1985062895923143,Male,1
66074.72566441433,607,250330.3270516314,0.0,0.42602959627304393,Male,0
57136.44312409052,674,261841.62330636333,0.6444957644946951,0.34247092231270704,Female,0
66996.4497365029,662,163259.45512329045,1.660807696438467,0.37271324848493814,Male,0
62600.124965556126,751,127675.08982296563,1.0241558841426768,0.4862755666241477,Male,1
69018.10123393673,706,256907.51654838093,10.191553855483875,0.3433964346254468,Female,0
61229.933346203405,683,236325.58111680302,7.709174500210799,0.28530264175780107,Female,0
64942.631033595135,753,208013.44287087885,2.0687835615757963,0.4583636554925964,Male,1
72809.63964828335,704,125880.16065021156,5.404404269870611,0.17943319129043336,Male,1
52291.9962399496,680,87360.33026343303,3.855106713760366,0.4045790328508485,Male,0
66669.0400233021,719,231067.3369984551,7.847889495125948,0.1305006257385014,Male,0
61713.41472993059,862,252419.99439067705,5.776662547138118,0.23386600399381796,Female,1
63109.00994098416,605,233817.85238374543,4.885596293526079,0.28228251376811897,Male,0
68981.91584342865,674,199400.1327686138,3.898657489783067,0.3985675758949355,Male,0
55081.579252306234,756,135343.8874797515,4.440280240833906,0.22966176118486925,Male,1
54992.70765365985,649,143740.6949134419,3.3993691225307545,0.3795610287576572,Male,0
68921.31512497929,749,254261.1131830816,1.9066818401172103,0.45173059960632944,Female,1
82168.41067112274,601,261064.7472842574,4.57501210438327,0.40292223813395023,Female,0
37033.38746166417,691,230673.00828359186,1.5395524073340692,0.2963228997810812,Female,0
57923.16024024339,759,169716.0000032101,1.2001040146801714,0.3732833238190346,Female,1
58355.852941112535,693,149367.77792784554,6.573754049142844,0.42328513220660124,Female,0
72609.3003975683,657,199796.35814392826,5.197354068424248,0.3728905506823964,Male,0
49872.325875384275,678,198348.73681402198,1.465460937997169,0.18632447456746326,Male,0
56264.45940665432,635,230798.35030234192,5.094865921730744,0.4772652209841758,Female,0
45336.67132802174,721,207216.32358630185,8.57158893115303,0.2536640732369927,Male,1
53249.01792781134,721,226072.46995297645,6.870577396477576,0.2842036639632715,Female,1
48613.01007669453,755,221972.63452289952,2.830494683511821,0.27123715064997755,Female,1
79085.30250160152,781,268454.72913814255,4.146469086982334,0.1208628923413317,Female,1
60313.29732443942,725,174778.86583514154,1.3287654600311924,0.4117453060190873,Female,1
75449.41226371742,741,235216.81049270395,0.41422611122214104,0.36675810834813694,Female,1
62911.614464300364,668,109255.8085259297,5.084960791033293,0.31315425465634783,Male,0
70664.39952305237,763,112228.10513446451,4.945597269475755,0.10585141568202801,Male,1
54313.08388518769,607,234410.26532264415,10.057105262104916,0.13288063579277348,Male,0
43404.97538990958,695,181735.95708980574,6.20192491501951,0.3501987348466816,Male,0
50439.19309040223,764,201607.15734822804,7.060322211510066,0.35819621566654114,Female,1
83595.29587822285,638,227029.47709061205,9.423492102711544,0.4405740151429899,Female,0
56537.00439232847,690,207626.29414488084,8.513357194212713,0.44598742377219214,Male,0
68081.33988669554,737,219329.3114952596,6.7732715939756645,0.21844685224476357,Male,1
35809.26193215523,734,293993.7274710504,0.4106777596719908,0.3191871187175712,Male,1
39552.38993110784,670,204556.24336266884,3.1519173688461324,0.21154833959648922,Male,0
74389.0623912781,790,263721.42133437906,5.99311670845164,0.32105383273167754,Female,1
62529.82007950092,696,248125.12959766493,1.654260390869558,0.18968392488353727,Male,1
74637.25079017064,647,231927.16586337995,9.671482669095978,0.21426346783315312,Female,0
78434.70753733593,680,131694.29595331574,6.3568231329457365,0.34910447693607544,Male,0
63169.25538419209,686,252405.83796345774,12.570119994198674,0.28865723884068945,Female,0
65025.870436261765,671,243577.7983144071,8.548701468162571,0.12198314986002656,Female,1
68138.40065378947,676,158145.49331924802,8.444272599192299,0.1756950410180993,Female,1
69323.57834784077,787,220578.28595821408,7.7533164516545,0.490119815459952,Female,1
59501.550140333085,767,186202.4274151931,3.3526205570312677,0.3280992499789598,Female,1
28771.058881744168,721,273112.73020173644,0.9652166388044829,0.20375664296834237,Male,1
52736.48890700623,707,89735.2813622047,3.573823273356373,0.1762703787019166,Male,1
48723.134248572234,558,274751.51548679185,4.212273022053133,0.4819110209700862,Female,0
51346.44516506395,706,237747.93830709823,7.425078648997125,0.22957564806428632,Female,0
77229.56024143074,650,233362.2573714621,13.404118968904935,0.12489749046351238,Female,0
77925.69943387264,686,98382.31178508076,5.139912099697897,0.31681679382157957,Female,0
65886.2395076815,809,122348.23610800896,4.65852568307757,0.30927690144347714,Female,1
55925.1733451092,704,191536.27808336876,1.7591988206579217,0.4290613836201477,Male,0
57220.68511683438,631,199397.82235200342,8.823959372115024,0.1172879749019829,Male,0
65656.5059085328,663,256048.35118071886,3.065214619033106,0.28461158341602066,Female,0
75215.55097527195,632,148603.81174946306,6.218282056546001,0.4422498264703508,Female,0
71076.99869993115,730,247704.25510783138,5.650067292493019,0.26283398912615397,Male,1
69878.16409009245,706,173672.2433431649,6.1390990322513375,0.41141414840136215,Male,0
51346.62195715277,691,148837.33883122078,4.095260576626685,0.3590638342561179,Female,0
67227.99092577737,706,200153.00583692864,8.025247909828973,0.49471023895422306,Male,0
85675.62720213515,672,202910.6363542528,4.329000284589668,0.49945915397368834,Male,1
60233.685713722014,568,223787.5995915766,8.353801468181455,0.33994718926201883,Male,0
34971.238891836154,629,173406.11248553358,7.836900282702889,0.3320925148239824,Female,0
81767.15411692562,772,255944.72989653348,3.2302538112502006,0.3723911716847055,Female,1
82559.89482874033,729,189252.25809605245,3.8522484718326995,0.18850799945035238,Male,1
55670.120416197926,593,122753.20389232997,7.242638377359379,0.36415457610853763,Female,0
87014.10649366223,605,196125.2850053506,4.969383198827202,0.4901593910420904,Male,0
71387.3274045397,616,258943.29685184694,2.4186845957995007,0.24577072453410045,Female,0
83609.80144935049,747,261196.8172118945,3.5143547059857947,0.39386179914122554,Female,1
55874.22454272534,695,201878.74296679327,6.2370679072578445,0.26744207426876604,Male,0
39793.10565705455,654,269433.2260051241,3.589232851200928,0.2956719846188145,Female,0
70567.59809737085,683,160499.1451592396,4.0566686291071115,0.3206122611729132,Female,0
78403.99835826461,688,283987.36911107646,7.137513326276482,0.33537753105620927,Female,0
85088.58580256555,658,195845.53361284084,7.057671369313761,0.25804995390982693,Female,1
75586.67681130403,694,202094.79605771383,3.208163192461257,0.39321271237835953,Male,0
65510.48260224267,684,213214.51050766255,0.45627947282433023,0.11703638158812524,Female,1
59047.13138076967,777,189531.21933440433,2.0967429813587,0.38570538512873953,Male,1
64963.20348321686,753,216813.8944623781,3.3256002210276483,0.4865105007589584,Female,1
62693.72672909397,676,242535.96972303235,0.0,0.2813138585350633,Male,0
30093.96536142817,710,252836.24556402094,6.584108013643893,0.4947507387766882,Female,0
73117.75611198784,638,163266.445316157,4.760452539536612,0.3103155374142186,Female,0
30186.46628098661,687,266832.86788794916,0.0,0.43527036827429544,Female,0
61563.01655927814,675,191579.01439855594,6.920079855152988,0.2984940695479804,Female,0
75477.66809202952,636,128802.09439011966,4.600163854312534,0.403033533087623,Male,0
42095.447523652794,726,218011.30185387144,4.385878299433137,0.3116697812727398,Female,1
54624.89771968167,789,117387.86613232551,2.2307828110532673,0.4786526983861351,Male,1
53354.339683072765,659,232345.2261628283,12.52491881916969,0.41688636152190994,Male,0
84640.09429883945,710,100958.17645386829,0.0,0.37737032083983857,Male,1
67103.88645952773,774,201740.3770249916,5.821733260541537,0.26065807088481674,Female,1
55536.54744960012,730,38949.182200714335,4.4639573371760495,0.16187012125116507,Female,1
27017.910650698774,738,199516.77893433263,2.832957786154912,0.3598323778471356,Female,1
83482.86043851511,641,196636.12675432328,7.06477913231724,0.26849189347419844,Female,0
54557.42159340512,709,227856.8809201741,3.6223388060322783,0.10978588110357337,Female,1
33473.40951655722,747,230833.19882355593,3.420552935615231,0.19627396368933636,Male,1
55575.75482561958,702,200700.24836856904,0.0,0.43868028934016046,Male,0
50240.361463172594,674,253268.81361298013,10.544120575312549,0.26146946304961116,Female,0
78346.24600642988,768,233353.2736364177,2.524708100163427,0.4562561545122469,Male,1
38255.32170452205,740,244789.81091179643,2.926836867818312,0.29875095667471824,Female,1
59602.1811112641,735,216349.72566350488,5.975755027563032,0.39148369939014105,Female,1
75840.85213599078,697,204565.7364305675,6.0488459930851555,0.159449652187962,Male,0
71131.4305801396,669,187551.31723596624,3.994570583665422,0.3324591659893042,Female,0
80732.38486556291,680,164622.3857352947,4.590733549167152,0.3985490699169415,Male,1
53697.19774356214,759,191357.71625929445,6.56756229932717,0.12135019767090434,Male,1
49217.51418586905,762,284165.7287963765,7.143649284390517,0.38555658773124524,Female,1
64865.389225824045,665,277113.8313830651,7.337391876765057,0.42903349286457293,Female,0
99311.89636544962,651,192756.66224269528,3.2265595102231686,0.45169961723111396,Male,1
64050.86037587133,670,274647.6311376914,0.0,0.22823756283212712,Male,1
68233.25752976046,731,211891.4770379168,2.994925508027334,0.15064844867630922,Male,1
55966.669641677545,722,162529.20065215134,5.578585529450572,0.3047311042650218,Female,1
58843.47435878844,634,180925.52925879537,6.89367307091535,0.22711416343474555,Male,0
40077.20926652354,651,241011.6199152992,7.322068322213157,0.250070559325241,Female,0
52031.78558088602,762,214796.66201730477,6.264080762920125,0.11420134748745295,Female,1
65987.04171528107,593,214237.7296692784,4.006926997375758,0.4087956281018764,Female,0
61456.16324022061,609,237268.03620389377,7.091714139170939,0.35771526261111153,Female,0
45766.25218762744,726,185887.97040383855,2.5061363135543298,0.24719986457923843,Male,1
60608.87536805824,668,207841.15080490964,8.589881362481727,0.20192704945775258,Female,0
50614.84068755682,663,227843.73611840728,8.249785328882911,0.19396250445249544,Male,1
81163.98569619405,739,188953.41375301935,5.842673379803514,0.11316743470558151,Female,1
75147.25634013952,689,96431.14103309214,8.167082746649449,0.22373070968672476,Female,1
60967.1162221518,661,223731.6742783396,5.546840670613609,0.10010098179622484,Male,1
48407.621781936425,617,200611.17742075847,8.619607170362908,0.495462621965605,Female,0
64056.85238669758,761,277562.2633213865,0.0,0.35638852964885503,Male,1
66055.95135504914,688,226639.1604661312,2.502570134829834,0.2802493658280501,Male,0
39258.00403553496,682,182096.02769103405,9.995427147631345,0.24525137713842882,Female,0
75320.74943144097,675,178246.13792118418,9.355779896944167,0.19439023084778057,Female,0
80886.97950096492,743,139698.88142959407,5.960174574479733,0.4849056312140688,Female,1
60480.0622359865,707,221957.50668502087,10.43466731958174,0.29332728862090135,Male,0
87811.38849501283,655,233502.4835907762,11.35197243311286,0.353541160353417,Male,1
56543.98928691349,767,281506.4982437205,7.552948035520295,0.47963883557137055,Female,1
52413.79943607095,786,209600.21184843383,1.9900945070735103,0.47527326081780363,Female,1
69236.56724656712,702,195865.11274908006,3.341227951291298,0.41086116329178946,Male,0
59587.27642424046,647,230494.00235952093,0.8185470563773833,0.3592471692083339,Male,0
64184.91243335703,675,277759.92670736706,0.0,0.4139565578655401,Male,0
60855.19687345627,713,239101.36937870638,8.817285148449786,0.2582088545005677,Female,0
59008.01078061266,674,97628.14071146249,4.618524209375347,0.1395484620214604,Female,1
71835.85031063278,611,234640.76051504613,8.97650065916377,0.38019098787605676,Male,0
78257.37781238244,734,189273.11677410183,8.308076138223136,0.4766756833767797,Female,1
68287.34931625721,621,194782.0775280957,8.091316356910374,0.20396658954308947,Male,0
84918.88821821805,608,239746.15569377795,5.207255578172814,0.2666721521725752,Male,0
81656.46906109889,728,166577.2544573411,2.1176613252653294,0.35827413006969633,Female,1
46151.50130833643,670,244711.63872504674,3.546114306199756,0.49200016623973253,Female,0
92159.16133987988,635,188910.92981419322,8.53100191037101,0.12189585436397476,Female,0
66123.79133571708,599,207364.9000194542,8.808839787799528,0.25247000038607204,Female,0
61080.55291925617,650,192267.5146719583,3.7815457502785894,0.4138703922915511,Male,0
49677.74482233414,726,258387.09627638894,1.708568390688609,0.3467353507136968,Male,1
59246.93074437383,681,260733.33900664514,5.065139055454528,0.20689879002842093,Female,0
63952.30822996589,688,157440.97587762575,6.779162150849063,0.40932942108163073,Male,0
86243.65114780409,643,257734.688335836,2.933916699664296,0.4751169147147126,Male,0
43204.95158060784,668,153042.2215114659,4.842578431810852,0.3524056774018125,Female,0
54372.054295140944,706,209104.9122907931,3.791499714575588,0.451448638723029,Male,0
77231.48550558156,652,164434.83865252603,7.656731245085135,0.30105973384891294,Male,0
68458.63680078539,687,194309.3730793121,5.34998525350851,0.28153515250279215,Female,0
51536.286020139174,670,169868.78476927214,1.7363209636722252,0.4157531842754517,Female,0
64557.27893407314,691,223907.02877779043,3.6067946557702677,0.15620948967203435,Female,0
70228.37234439467,696,209014.74402517223,6.633379608582387,0.4320467645232491,Male,0
62769.507877984564,669,234166.2255758046,3.8265308832414724,0.180203809420355,Female,1
69607.19692801236,700,192732.52888430574,7.361828879368742,0.3640751989991434,Male,0
50652.89210362853,673,143979.10405318055,3.0824193987495256,0.32879307413760506,Male,0
62254.52642192817,815,195946.64472822915,1.8025918659537252,0.22781962515136264,Female,1
66129.10961552651,671,223569.56313824953,4.481559944319781,0.130577603580113,Female,1
56211.4777291026,733,169980.7153564447,2.200642733941575,0.4842403240050085,Female,1
72328.53756562836,790,161459.05986356552,9.628420321309047,0.3794907694815517,Female,1
52962.365218429426,630,240463.2349120993,7.105469121630032,0.2858887824794998,Male,0
66494.39738041045,616,296314.29274276964,8.888770129244005,0.3269359718275743,Male,0
50259.40442517861,846,246051.29198654968,7.580997678250161,0.1582964703495911,Female,1
64516.610087876135,667,259385.66920692276,0.5267602291655793,0.48012981558690937,Male,0
34302.98206363684,725,205841.50870860918,6.9107242370089565,0.49104614700950133,Female,1
57622.05640459545,804,238210.66016694278,6.937392924811134,0.38902163864646255,Male,1
68559.19495829297,735,325272.4452678447,6.660882228074696,0.3717789343266392,Male,1
65544.6328829714,681,141306.33368469856,6.646101429184701,0.3883993680179616,Male,0
52349.75401717879,757,266408.30269786663,3.645663829025199,0.21963208466216455,Female,1
69047.81146623514,704,220739.22310396205,0.981446229304888,0.36364540864861905,Female,0
73786.14724481653,647,158769.3995117489,0.0,0.22652882280379227,Male,0
61152.77824438152,690,242667.44886700733,4.80738861514186,0.47317801412965765,Male,0
39310.21157978209,645,132503.71810693637,4.040278165991259,0.11857952691430462,Female,0
65376.804273144306,695,158983.57694337663,1.055753419068731,0.23078336810807062,Female,0
43624.486857910284,674,191996.27566958475,5.400696246607935,0.3213959722001736,Female,0
71491.20417577036,720,236997.20256896582,3.837526055283698,0.2977256992200239,Female,0
63132.95392507133,682,243127.1742307585,5.099069921579099,0.24485951339209475,Female,1
66301.41735677762,755,183804.5573392039,5.870113409161705,0.23978979838326772,Male,1
63659.29796862751,679,176746.20268994969,9.038310271587441,0.19686884921891085,Female,0
74948.55765869172,633,270760.22633509117,7.953778684687391,0.2105517381263598,Male,0
23641.81010056565,772,250111.80833514628,2.2972366443375414,0.27121911677682986,Male,1
41185.65865246126,685,201489.80825607124,3.434700028102785,0.4801341866673562,Male,0
69580.95333043777,747,176108.00746481045,7.09763731601596,0.23973081439036448,Male,1
70294.77685435051,741,151755.3349906808,5.386548864067743,0.1087405508831115,Female,1
53454.21164210147,671,140290.6674294078,4.910588654445678,0.2640358733044612,Male,0
48332.74968613687,703,238846.83514657582,9.453925585629523,0.4022856534404339,Female,0
51903.60479535958,640,147758.18430484645,3.612401101059864,0.3670193089337349,Male,0
36988.287438965664,799,109812.47579537518,6.6760858487654575,0.17807752571037022,Male,1
82701.74614863197,679,289145.2800032572,1.6149752892026514,0.17729439659394686,Male,1
98843.45463027922,688,147048.14389939513,0.4176159316438879,0.27092241729379596,Female,1
81800.7671567655,758,170126.05709877983,0.3976259196534455,0.1511131818295373,Female,1
61640.92191907339,650,254476.82915383202,8.04617698602567,0.16317854896870726,Male,0
57114.58552828316,719,189650.77054508156,5.042861635651967,0.10485498332608022,Male,0
61735.11951439288,710,273793.9575251983,6.152627664948387,0.19601536750565993,Female,0
76200.72098571973,763,242222.7936035833,4.143375124078329,0.22483676636283284,Female,1
54112.93340908691,811,192336.97233003474,9.97660908336599,0.4661111915651338,Female,1
67699.01149670035,707,197983.30448929782,3.2673972079423614,0.3213569760919055,Male,0
38342.17775799688,704,173554.18104476723,6.619852702265309,0.45910962730202043,Male,0
75804.62694911759,677,218287.99930464578,6.0097491363771045,0.3127927199620003,Male,0
67270.99225941712,622,253646.48072536732,8.644832320564907,0.4252604803950043,Male,0
53014.05369644615,766,222326.82534703557,1.1050221809932923,0.2043324320100035,Female,1
52455.37844172985,737,209403.66784958864,0.8439184446665173,0.3028011961984688,Male,1
91995.500619844,621,170289.45638091667,5.593026700862735,0.10259580855479888,Male,0
40579.77786418641,709,180780.63117035394,4.170994114867348,0.2543421506886945,Female,0
39989.617576226934,713,201672.17339865756,4.202514903059023,0.3394893364226922,Male,0
69943.21903001118,632,288245.69027753855,4.045096957686998,0.3472609161038229,Female,0
100395.50495970744,688,142314.6838184818,5.102431680020636,0.38042687324395097,Male,1
62757.51774483756,714,159204.52324257235,4.998563845794483,0.2860957260719744,Female,0
47723.57001086998,704,194407.64479568435,11.005767377745084,0.262804316894929,Female,0
36561.812146701865,772,258826.66268938826,3.561425016104648,0.4530422494915366,Male,1
59067.134745010335,698,154710.13933144262,3.2293341010830954,0.49615367107928765,Male,0
74952.88160198712,709,150652.86317492215,6.405570808456508,0.2076745760686749,Male,1
63017.39483809259,652,227151.61396448262,4.22120983457219,0.39080498187988966,Female,0
51667.843212596184,724,162256.69017140396,4.53117098988487,0.4484057149574997,Female,1
65334.2002317849,674,122028.21104368873,3.231263012191617,0.15874875033328295,Female,1
69730.64831384463,750,173060.48477116445,2.66507434098049,0.4721017279940224,Female,1
44441.30768510315,740,249863.27838294362,8.728480679980482,0.46907799358174695,Female,1
106648.7783400804,754,239904.5524330781,3.3522840400622744,0.4116381023251984,Male,1
37429.19438953497,615,205399.19603626145,2.7765119940955123,0.3830213423677279,Female,0
57794.13927746792,632,204204.71941250982,4.438009070536097,0.32822114197998886,Male,0
71330.86838738635,723,164814.48003342835,0.9596430136536966,0.430341373735586,Female,1
39496.81952376869,652,154977.57693109865,7.343526008862797,0.2497348251840785,Male,0
62968.66175193972,671,220241.1704404134,5.124625521691684,0.264705820090551,Male,0
73730.85413340243,835,224360.90973152136,8.220099747334917,0.43782255028486416,Female,1
44939.18104736984,790,231755.00057989627,3.669435200488655,0.3648990190085921,Male,1
58753.41641056958,714,250761.04459071526,0.1067971244150634,0.13730194791414832,Female,0
38136.727508026044,684,202984.59402898682,7.749702841333104,0.2190687917385215,Male,0
74480.96226886756,641,247375.59542877835,2.9073741725746562,0.1677596502530429,Male,0
59722.30296011415,703,307291.24625382444,6.981029163688045,0.3833435744154645,Male,0
43427.0581040622,730,116743.73518479778,8.696612712241734,0.2489707004703873,Male,1
80853.1132352597,724,211196.34369733033,3.2995600465929824,0.2964179287089509,Female,1
53945.27305137005,554,179110.84937431905,1.6543483160872423,0.4604524957144688,Male,0
61298.8468120935,673,199188.84412020294,6.082267263991504,0.20021842357245132,Male,1
73352.9761668718,633,170537.3134602466,6.815399047276848,0.2936656989568007,Male,0
70393.77934547416,754,132614.53848452982,1.3223232096801625,0.24052621810127023,Female,1
104778.88503905115,666,210099.95053786607,0.0,0.34480155893257824,Female,1
77887.61268716963,659,190228.2576738618,9.098644355617363,0.20960987761539435,Male,1
57794.96997557267,720,197459.96056902333,5.26028322638794,0.3789432267335082,Female,0
59266.542247888414,644,213258.19613732936,7.16899080387297,0.2654067417514395,Female,0
66851.29828730675,688,290304.4558918481,1.8962061211800356,0.3511749973197841,Male,0
62919.11182855864,700,222207.25855436287,9.046079595936536,0.38606589381537504,Male,0
60763.31552784027,726,163291.9066939493,9.411985971956868,0.29198259738532506,Female,1
75743.29072979002,675,267328.58313051483,2.4571183625093473,0.31702808136322713,Female,0
70914.4431545547,694,126974.95502907562,0.0,0.3827377429716393,Male,0
44871.67973885688,634,182884.75782754255,0.0,0.16744067649502098,Female,0
86965.29790274284,596,238451.5827721138,0.0,0.3877957801037635,Male,0
53525.695309229275,712,156209.25876768533,7.41456781454024,0.29528399131059674,Female,0
63483.80545741505,681,156463.61141781294,6.726685777491095,0.45913243184056785,Female,0
41951.987169162836,722,259177.45512908022,0.0,0.23193113176995173,Male,1
65077.44611241621,806,185604.69615660398,9.39932717356574,0.38518352622381047,Male,1
77949.47229968477,716,247407.14752360247,6.5719968667529844,0.4683059256489279,Male,0
38873.08055454661,658,130015.92476336569,5.019645973413618,0.45103934926456757,Male,0
49223.89101646204,739,135452.8890253388,7.008315114627406,0.46266752584607607,Male,1
57493.22879524718,769,163989.3989496605,3.669711745294893,0.46303028158530657,Male,1
43776.779945784074,733,129651.12689480056,8.585532234534249,0.128501074128546,Female,1
53685.232787696055,635,270100.4662959561,3.9926641467787336,0.18418488685680137,Female,0
80635.6021996743,781,219779.9417381471,7.258673244481354,0.2926751074646152,Female,1
75759.81594011417,648,234361.92251976443,1.631255967657288,0.49320657228245934,Female,0
56415.77929700386,785,161920.60674818902,7.937779232860889,0.13826543456753668,Male,1
53596.7839507887,737,161879.1024698543,2.923804404005925,0.23670304091942512,Male,1
76447.03850716326,758,186703.9962902224,6.666196581955219,0.4269385293531158,Female,1
79454.91819841664,735,244659.4173603626,7.032911305774665,0.21421717514781338,Male,1
91128.91308937898,650,243640.8541589167,1.0526077753455763,0.3762026528044544,Female,0
67450.48834854782,590,267296.7503919158,10.5523434273072,0.4887656520502739,Female,0
45129.114758155396,696,234328.38733765882,5.102614053614226,0.11630930973654859,Male,0
33356.30499800322,706,99296.83628811184,3.3135129741958185,0.45265918182992426,Female,0
59479.32345442135,690,241117.5235447877,9.838934511779163,0.3576821927362769,Female,0
32386.88653002532,664,114469.83227817429,2.5575402302071897,0.286841476925708,Female,0
50526.33406252003,629,228945.4909034567,5.25603186656153,0.42861594437026085,Male,0
59719.36865331154,626,203995.76318700187,2.0949924102393234,0.40031586997940327,Male,0
54761.13443522357,665,262173.4564172982,1.0770722567196787,0.39161504952807535,Female,0
52754.08422474841,737,228853.609191757,2.8604230869016014,0.3283075186343606,Male,1
39833.24233448584,689,222115.84340822426,1.9435844072278594,0.12959555368076203,Male,0
71278.9954903016,782,182795.09858688334,9.132005088585025,0.4060760811924119,Female,1
60208.939378694195,700,136535.44473784478,6.820827825159913,0.44176918413104727,Male,0
68443.21290261533,751,214641.44217933418,7.809140403849867,0.27193829748254006,Female,1
59410.39068558553,716,226518.45944993995,9.451670461303284,0.2582067772430229,Male,0
46661.387576575136,705,201117.52774831827,3.802230062162114,0.18110768374753566,Female,0
35177.14992201346,713,180319.4208983495,0.7798417023213258,0.11403504448652,Male,0
48404.853242168,706,178659.79025323712,6.107791332949714,0.18402116807172209,Female,0
53399.332699545244,711,248358.90612194748,10.361719893814005,0.3651212345502943,Female,0
53090.41843560319,757,200098.84223779055,8.83484284237846,0.4681201082290992,Male,1
29373.97697363564,676,248117.25846332847,5.574352147872058,0.46120521566723693,Male,0
52235.830514457426,747,227550.853011315,10.68836982876304,0.23516057031002524,Female,1
74588.31674440095,662,141591.10860749,4.362644891860832,0.2519824500589634,Male,0
92177.23691660083,609,113039.74239135999,6.5636899719336235,0.4954098669303687,Male,0
64539.531978585495,655,201154.03294752105,6.418445209783497,0.44302125083996535,Female,0
56487.69937914996,727,189292.48446444055,4.533732702416721,0.4975990933654685,Female,1
44854.03942935094,707,166958.28820949272,6.5003384888625995,0.11159477203750323,Male,0
86928.17033868484,761,334916.4417968544,1.7807260149121538,0.29764016630337575,Male,1
49654.08338903739,751,151446.89854461333,5.541404425493619,0.1577005256466366,Male,1
53578.27258551131,599,302992.2500868701,1.7650548001123165,0.19746440501673798,Male,0
45024.68938891814,718,111475.9431111961,8.505741092820145,0.4502226617398425,Male,0
43064.22343174156,680,213402.52137948768,0.8464459417250101,0.3303000334081242,Female,0
58642.00076543759,698,233377.40401849977,0.4447529035139528,0.13326469325298596,Female,1
70253.53984800716,708,221438.0629440382,9.662847324833077,0.24496425672532066,Female,1
39709.945712346984,705,212849.87227929154,3.2317297655393267,0.1464983010759752,Male,0
60287.21666123628,683,303867.17197849764,10.33188430409136,0.11327852602622471,Female,0
83917.57594837458,674,268319.47059272195,0.0,0.44926371495313056,Female,1
72441.08371775234,636,207937.80254687715,6.2151061575671385,0.14538420060990764,Female,0
64861.25954092192,631,268859.0468252281,6.266974392349624,0.3784583699754165,Male,0
77835.24796661327,644,113711.44375937134,3.0745357881669757,0.4784694819185381,Female,0
50599.24163115052,714,196357.11555794725,3.781912536761854,0.345603335615575,Female,0
50249.961287648104,699,214192.22836513683,6.116244436002159,0.13096466969011722,Female,0
48483.03652343807,628,205454.1485174916,3.938423111539689,0.12526709236121245,Male,0
65474.41503699338,681,178330.52166569233,5.370257400502883,0.40219962747871485,Male,0
80764.09227765776,685,294894.36463293526,9.558009053271933,0.2721570472064302,Female,1
56553.00554137209,638,168286.2641591343,7.5318542015567935,0.1471055969106474,Female,0
36436.85771897251,675,204279.73519722628,2.495510268359981,0.33858244252291336,Male,0
49784.22513787678,644,197422.88956961743,7.104169681428498,0.21577967772174775,Female,0
78567.24467960192,679,128309.70880357928,6.919708871456253,0.11042315439423721,Female,0
73864.05209306744,738,258150.0484852652,1.651807471784315,0.11001453449497754,Female,1
43252.13340077011,675,281321.53673044295,1.1309717061168327,0.10749211682416795,Male,0
38815.444479970625,727,248196.27115277856,6.997633471119171,0.4694410671911672,Male,1
41668.08286662082,730,200806.23939502361,2.660579972787199,0.45599899303245284,Male,1
41687.345250434664,722,203466.8580857674,6.185921757947993,0.3433277605600269,Male,1
54502.394694479226,768,137747.43882480025,5.369056020580267,0.40047665458055437,Female,1
48551.11265186225,670,255984.38892766906,2.232946012814246,0.14280426904176835,Male,0
82308.6923300389,769,236607.56130273678,6.82852968863732,0.215155571751937,Female,1
76104.47624789659,792,212868.65532086746,1.9111670867317985,0.22087641077122078,Male,1
31772.264317535413,703,177606.1177534021,1.6273997091590657,0.24958810371093307,Male,0
68194.26372005549,658,208331.89476559192,5.248594525606989,0.15895330703893942,Female,0
54231.66683655262,659,234796.60504704248,8.055612282951184,0.45908209058903215,Female,0
56381.13518072186,693,185015.1971667843,2.8805734977026103,0.11428437961125724,Female,1
53166.907109641936,660,208838.10516251318,11.531880342647197,0.3276292782360295,Male,0
54982.481462385775,738,224889.41547088887,2.709604090072665,0.18463285382819655,Female,1
68396.8567189656,723,234222.5238818214,0.35729061759106706,0.2958158168376617,Male,1
56237.50475317429,743,258999.42648448932,5.580985293550397,0.4906349356801537,Female,1
73776.81665913621,682,284881.1889854671,5.561023164424161,0.17404349217113813,Male,0
64396.08709948022,648,236229.58893615613,4.114831430583074,0.15983906245902335,Male,0
53030.7405405241,660,175006.3784794574,0.08526302271639885,0.39372936328740993,Female,0
52331.76485353222,652,97524.27419058373,2.9602823097595055,0.49413788747492426,Female,0
45952.40437815606,619,186205.2139279913,4.415631136150293,0.11860739853802747,Female,0
21691.182976470678,697,158891.71966552967,7.663411806736546,0.36665898627971105,Female,0
54727.297739380374,745,264443.1712603151,3.8579161286147228,0.14478918819479733,Female,1
74329.50837356629,584,150667.0486137945,7.720611603830855,0.21712514204191377,Female,0
84184.17386982968,666,129635.32782537988,6.224288175709834,0.250999083655009,Female,1
27722.768980060428,766,171052.41213255384,5.28802780399115,0.18151753411996868,Female,1
51258.62013582627,689,204515.48996032175,4.01877970740864,0.3189511013998985,Male,0
51505.53405595842,765,274904.88167438924,2.556791537020428,0.1329617738336178,Male,1
47305.26033801396,731,197438.20822339042,0.7675931447271225,0.32932549782860887,Female,1
60018.082130433366,752,205086.1604235885,3.6001430954730633,0.22500890852972258,Female,1
71787.00237976249,768,134227.93464750773,3.662614058519549,0.152422297368667,Female,1
73670.44083262082,722,240873.35633491862,3.0099850294630945,0.21306226110293786,Male,1
53302.275718994686,679,254149.9969258434,2.1813044982381253,0.34457369469578963,Female,0
70517.59113466347,700,267653.45800832036,1.111853921528215,0.18077634580479304,Female,1
56292.339262191046,601,247294.40782773198,6.986506261842499,0.13343288880014229,Male,0
57226.46795335517,688,158808.1565179423,0.5321472066793458,0.11255985192509646,Female,0
48393.1620134464,661,159513.7582116358,0.0,0.2292354989178209,Female,0
69385.01021647509,748,248207.79420859893,4.714555630768039,0.16059284521198328,Male,1
51597.284397045456,653,127950.91827375407,7.540519836407496,0.3615774688719705,Female,0
96400.74729518284,681,203039.26862506513,5.558279062627806,0.13119313319599335,Female,1
55726.86759945494,634,131135.225536395,3.0049043290882245,0.4963048622157519,Male,0
71575.48065972517,737,276803.05908547645,5.419464075554632,0.19449878708604587,Male,1
31084.91130981585,686,213373.76944490307,6.986920689943904,0.36695944982432305,Female,0
64382.8909248956,659,228327.04935408282,5.897599298266687,0.19915878910035026,Male,0
53878.48741259669,734,200912.62304280564,4.987572245167537,0.47737094650011336,Female,1
65197.55822596073,752,95962.97373045108,3.94236127179014,0.3364248312195957,Female,1
73827.02252965879,657,112761.98061973492,2.5408549313978304,0.35629334372297816,Male,0
67086.09416820566,741,177667.84765926967,4.860510256620326,0.37749042458497695,Male,1
44778.649039607,734,167840.83289864848,6.546981890250183,0.3170637128546271,Female,1
44807.53319498364,624,308928.1086995831,0.0,0.17867457365074457,Female,0
63960.30122000505,650,184637.68871691343,1.0119228231978088,0.3454336739423507,Female,0
68656.0819077081,734,121028.18506412006,7.0138104101160605,0.20113448122991603,Male,1
62971.271411517824,708,194434.05756010997,8.91450428995799,0.21074820678606265,Male,1
63739.62893462593,682,287215.55573715555,6.540827883245665,0.3577721974058474,Female,0
52035.43653282053,685,168155.88055305212,4.658010341481121,0.3564859960940099,Female,0
57447.23066212607,689,166633.33093917597,5.067501164736319,0.30674341021492696,Male,0
66715.62840025972,709,204857.78935431238,6.277732901304234,0.3149425619091548,Female,0
58926.011222129,687,257169.90535747763,6.026298444672145,0.4595244372109687,Male,0
70222.51046058937,710,278619.91051351634,6.1260790884334195,0.2671275224425015,Male,0
76334.25895451049,650,183609.67700617385,5.542613334447298,0.4269905757219683,Female,0
50735.22156848475,710,96382.24091520009,3.034017430397617,0.3336154631306487,Male,0
60319.67473007913,736,108314.71161852826,8.668423766400224,0.43308923911885866,Female,1
72893.81830469702,737,237858.84105510113,4.929818119268162,0.22283296523333648,Male,1
52065.33437903977,701,212839.16286623615,1.3919854766840238,0.3682751058654644,Female,0
42768.08947262016,636,239074.8619730316,5.034109726395482,0.3180844315269601,Female,0
41689.313611287624,816,211756.76496830944,4.900795995914696,0.10141959674590853,Female,1
39810.30479629878,726,191993.49302010314,4.73428679819363,0.418180383271035,Female,1
73254.89906230009,679,172244.5386035825,5.360595676238165,0.41661304746675676,Female,0
51362.7263903298,689,166828.1921390256,4.717192787705298,0.2729933503490639,Male,0
58767.732324111465,670,150095.26861154824,5.762383061214306,0.32376084635929636,Female,0
78955.60016482003,782,215351.9618625911,5.610446010356863,0.12156667351590805,Female,1
40573.818419045754,722,197926.4111000426,4.277827088032848,0.4630523813338828,Female,1
59073.53700209806,701,257862.22738655127,3.9574991008822686,0.1832186617065077,Male,1
47469.794201103636,716,144273.38424959691,8.562281455046,0.12991865919877574,Female,0
74726.48230487392,667,157275.3268630973,6.507638739362545,0.2652217391813592,Female,0
73917.60192121856,730,111838.16505482575,4.4160089149259605,0.10830715468415648,Male,1
39010.40737797088,719,183581.23702915988,5.879026421775965,0.20542979528055355,Male,0
83148.65292408284,738,179831.01270156587,2.1603064444165554,0.3113378773746217,Male,1
71175.07969315922,708,219638.41815255623,5.927163314312864,0.10524885022465341,Female,0
49978.64319535427,678,166948.7472686253,10.722472017659804,0.35348389736924435,Male,0
47421.21302329154,667,213899.1220109461,4.800196918934079,0.15511420827003874,Male,0
48012.119900246194,765,157544.75745048883,1.4422352024394325,0.4421390674734491,Female,1
45379.77494659018,669,207171.32834287465,3.375580980478493,0.24602026164221236,Male,0
66147.27985392768,728,161911.98146586772,6.764471793307596,0.39170078925136587,Male,1
65140.88019566556,695,204726.3783794234,6.175643786736754,0.4727689742742348,Female,0
87729.13249944618,655,221678.12300959395,5.778786940096862,0.45885218652437454,Female,1
63356.819274583475,712,163325.89666608605,0.9174950650967624,0.49926989515698605,Male,0
52918.64133454309,764,223384.50519294429,4.142940355723209,0.2336058683030617,Male,1
59603.91364561609,731,207079.78933699414,7.597023953502109,0.18849413916716085,Female,1
87065.22164680115,683,8167.222577031527,7.720502439118778,0.26246880516459437,Male,1
60076.70184963691,693,211652.1475764742,5.321687865257458,0.3100703159736896,Male,0
59069.939859509526,701,216792.36323600344,4.993261394728637,0.4991637287161145,Male,0
60050.63259895742,752,307414.84318934794,0.0,0.3895484153258869,Male,1
75486.9789082672,752,215093.6690360506,1.055364006786764,0.3748490081439223,Male,1
47965.84096167571,753,217496.18576246963,9.13442804149284,0.13064144652548404,Female,1
50229.64659312257,661,275136.7163152794,5.5919402368707996,0.35052043790954635,Male,0
40547.5207806623,734,239410.20703985932,3.250631506027106,0.25803540894265314,Female,1
77810.79077347126,619,150138.5856280612,3.9114331178791786,0.31576727710138686,Female,0
53109.58650689634,665,271557.60588808707,6.2230692105115315,0.4170348640134275,Male,0
58113.19619850528,738,272771.72419576626,12.204750983091056,0.2026130470443914,Male,1
44995.03013091638,725,251582.68872875875,9.133923001776243,0.16552546543772617,Male,1
46469.226684637346,725,166050.98267684338,2.025996823297249,0.20539335085716123,Male,1
67318.08427306611,746,203982.47913069624,4.873004313019361,0.2926356220431511,Female,1
60704.70890647113,695,225213.5374019192,4.378051711975266,0.4010074642281448,Female,0
84630.22740204554,749,180725.3379543821,5.2312358341444805,0.20054960291616553,Female,1
65454.47823937452,643,271366.43257973844,6.861502697297489,0.10318167251141626,Male,0
46444.47208904808,773,189244.30999147551,4.461108881823454,0.483062589755479,Female,1
52856.68689683011,735,203952.39010751396,2.4811748838779835,0.19739810367407282,Female,1
63251.633456439435,736,221760.5764144801,5.214262497743279,0.23128070021504699,Female,1
45214.10930496684,693,145079.53910187236,3.1226808688046708,0.19279399399347535,Male,0
45029.090590283806,684,176001.76786438955,5.105886172235648,0.4400336085322545,Male,0
57838.686664175766,745,220406.79563891783,6.494335986933624,0.3038890822265924,Male,1
62327.860257884684,690,204193.62508804668,11.513578583187485,0.3007592721610659,Female,0
97903.98638810433,715,209349.51048623322,5.137882808146801,0.4748218534263101,Male,1
61471.01309308417,732,114241.00146482898,6.723159053401628,0.22757028617275576,Male,1
80181.30069232467,702,198041.89422786204,7.675632903710824,0.2978345004810583,Male,1
50249.64098389653,707,182704.6359666586,0.0,0.44959977021515773,Female,0
57348.38755326327,734,160597.6188383496,6.737184718084012,0.33140471696377816,Male,1
48717.65391614125,667,168109.56535700322,4.757553280509327,0.10871557990490222,Female,0
11380.989898963911,654,192108.124507987,6.833212715331712,0.12322533555643651,Male,0
54978.37001840189,666,292602.00224068353,5.9316189137426125,0.3681280263323127,Female,0
67364.62427457377,682,124308.47493775732,9.849564963541248,0.34575265590270143,Male,0
50377.69636433535,657,310323.4489942336,6.451523375079384,0.1326366521547708,Female,0
77006.55145300596,772,256640.23485874035,6.424226314519673,0.30954224281712905,Male,1
62628.17128362768,662,188319.65195085673,8.949034512558558,0.38994820228562665,Female,0
49373.898496343056,630,160201.48130747507,5.870263698906297,0.49092812204519076,Female,0
54963.229510648074,675,145048.03877340705,0.0,0.16715156043313853,Male,1
48622.569979498956,701,127089.34430906248,4.5180401409017765,0.3431828735240181,Female,0
78001.18434640292,705,146573.96229587807,3.2293561633985313,0.2714582277260731,Male,0
34441.92619759921,688,180859.1259506625,3.3483980953978962,0.1810687625229219,Female,0
63348.5837119374,725,180977.20479168245,5.400498257184115,0.2619988155507791,Female,1
85307.12452608848,653,220113.4038600649,3.5593566976028015,0.4688481743844872,Male,1
61392.673517116724,692,180235.82259919096,6.7747130553592925,0.466474859229555,Male,0
71999.12852913074,714,205885.3709230479,2.0467608614743638,0.21791667360300374,Male,1
41445.739336828774,664,203182.4530748259,4.256137378016331,0.10536192570079642,Female,0
53009.452471976365,737,173550.07928984365,0.13107511398930782,0.44239034415805745,Female,1
70876.43680271995,688,211031.54021535817,9.995756701834086,0.46929035139449304,Female,0
46727.95928959649,711,174725.51222777445,10.294477651375209,0.3206718255010558,Male,0
46257.12126778136,677,112224.72056476862,3.2552577103183458,0.1627077749340009,Female,0
50940.290610461554,761,150573.54960670497,7.375235822026167,0.17148805168235903,Male,1
57834.593821140865,810,214954.2867010553,5.405528724028008,0.2590724540580137,Female,1
63197.94942356534,692,203693.17172054402,7.559045564730493,0.306526624664468,Female,0
68208.9719606695,736,229231.14762433703,5.282209523574571,0.2054793021804268,Male,1
67098.56436860317,640,220840.0787241557,0.0,0.18634655906379544,Female,0
38399.23676108559,695,67408.59684775255,4.5495565039476835,0.3064932391743317,Female,0
33319.19626643582,632,160641.29650065018,0.7200523675689583,0.11819118052241478,Female,0
66932.58999122915,697,179498.52942305445,4.159666976749982,0.11053548069942082,Male,1
41556.756083213746,754,230413.35831720947,3.7789523245796866,0.3669712024027958,Male,1
62305.87658918292,605,176172.30992832378,9.242331171820346,0.3898837949857511,Female,0
54193.50446288398,710,187829.4848716046,7.0269933597709295,0.1353822962742146,Female,1
72744.03145531537,716,221811.78524005276,6.221271150196495,0.305821236533512,Female,0
59475.17264254557,651,306779.33650386834,7.799199817162956,0.2889053843180861,Male,0
36083.58511808449,724,216505.6895235472,7.145709751673698,0.3261540640396784,Female,1
81041.91466404148,724,161908.76641705757,7.0449026710051665,0.25935107026377224,Male,1
76245.76864762916,711,314595.5633409343,3.528163297920042,0.3802631315551417,Male,0
63513.22098804781,680,141167.75280499735,8.163861885461955,0.328759587064148,Male,0
47543.333901651524,766,244119.854489499,0.0,0.3572645804653367,Male,1
71023.16679074726,725,231543.78017980777,3.022027595668497,0.2693036571063317,Male,1
55452.303257485866,723,200089.74364390536,3.3852886097756327,0.28937514713530976,Female,1
89083.93498587428,690,272780.0239628649,1.769136377366161,0.22597612227249983,Female,1
83671.77086343277,759,149783.10868530467,3.166434493249142,0.3728732664611113,Female,1
88498.22902342823,675,197610.0374807605,2.3185003380827296,0.29166773895817677,Female,1
71368.8277488543,720,214101.81052311102,2.8470825871683783,0.3640477777052522,Male,0
40153.653098887524,662,233022.99761757752,0.7753196950776502,0.10703596648500985,Male,0
58228.97209513382,685,207102.22394152725,5.735707543682709,0.24482234006899659,Female,0
59646.71773688643,705,168157.73928648053,0.0,0.3057785712541239,Female,0
79723.7168037607,736,135094.80481564213,2.290120667662672,0.22683296695718025,Female,1
81307.56371984782,681,201116.9619659304,3.2919457292565872,0.21253543441825473,Male,1
61292.158245695624,646,208487.38839853308,3.889932602488267,0.13165944837989108,Female,0
64794.777388784656,672,146613.87114807274,7.426965827687027,0.1306958054981025,Male,1
85035.32287934089,690,289833.2600837508,6.122186264393131,0.10386650667607294,Female,1
57926.03548243223,656,168453.4583131105,8.220238107231335,0.3310631984264028,Male,0
43328.13064594452,713,192914.5639149088,8.975013964836915,0.25183745752897596,Male,0
73860.40528810352,746,143507.507139072,8.61073416360038,0.2625309892186901,Male,1
45673.16130975971,726,145119.45088621366,2.6205960091581897,0.10637827458132434,Male,1
97394.99276149186,678,167913.64281739353,0.8240501396087723,0.37207964939356164,Male,1
49231.216638785976,588,210393.02505335404,4.288063297414345,0.15112233711808518,Male,0
31204.902657035156,680,163825.66887901002,8.622509584855763,0.47233481262396426,Female,0
78315.5054328803,675,249269.98557250248,3.76621870854955,0.2708988784926818,Male,0
73787.31260415002,707,227066.0647004139,3.8405153290316294,0.484191900624391,Male,0
77842.05733386961,697,167373.58533916774,1.4198726943700541,0.26532502456044416,Male,0
55688.28720899467,701,147124.26648532844,0.0,0.24675826474615004,Female,0
47304.6501751369,673,157330.02629804442,5.31731115057237,0.2188354612748963,Female,0
57553.99554084354,740,282645.6525615211,7.373420013067651,0.4083090752842429,Male,1
51848.62843299352,715,64622.80723094114,5.681086581166836,0.12861552875615057,Male,0
67340.61841841877,761,197444.06534923112,2.673180915687191,0.41146086042996377,Female,1
66285.28514049068,771,232444.09629519196,4.213299291851432,0.22653356367542088,Male,1
55345.99865109816,650,173552.66186376507,2.0082051260947535,0.12508863636055537,Male,0
56535.98204686983,739,255311.57794299844,5.944915614665996,0.4000336299794649,Female,1
57493.174293203825,672,177450.29914853454,5.75301062945044,0.33495343810745887,Female,0
53438.125495148844,752,182336.79322809208,6.179885414499442,0.47082764642047403,Male,1
85446.84552435057,701,185477.30418861055,1.774690855649733,0.31849918704115543,Female,1
70621.63015032886,757,298345.8481254127,8.126571730949053,0.3878758384181419,Male,1
61848.072101767284,751,234691.17269295512,7.384275567415802,0.45755590508887667,Male,1
72609.65323483085,717,295600.27345263486,7.5358198911262875,0.37571363270038594,Male,0
30560.614624911315,701,245104.5655794134,2.5994741040076876,0.10742221562794417,Female,0
70187.14163157293,652,143793.90705696132,2.0280377675022843,0.2480917943299894,Female,1
60422.717360536924,668,251081.76069138042,5.044082286633101,0.4034220913867165,Male,0
44296.3352597709,724,168492.85849288266,4.8100903316559895,0.43075729353023606,Male,1
55159.802417367966,727,106249.63062640317,8.464992681624853,0.29934075652418424,Female,1
45690.90870905033,760,150647.69105318424,5.118709172400944,0.25538545704439863,Male,1
90922.55364954597,659,174194.16790642828,0.5378766607880694,0.20212552046850837,Male,1
59616.38531712008,781,195810.84500554675,5.4917721907802886,0.1990944656140463,Female,1
43205.73850066483,672,97526.27571651596,5.092421404993851,0.18618131078225733,Male,0
50882.670193583515,676,233142.05465108162,0.0,0.4450356965365455,Male,0
51352.34398909921,720,265558.1148301808,7.082979143447897,0.25196381792964817,Female,0
61376.287266725594,612,144073.8257894184,3.5093716179754155,0.3683430813322782,Male,0
64860.85542332341,724,150599.85909985297,11.053327439525194,0.4508634833080212,Male,1
66785.57694374601,769,200386.39465878424,4.375384226030102,0.20169001203300363,Male,1
65937.05300156113,709,219949.6078750848,6.91061047518621,0.34903635917700937,Male,0
75797.29279999355,683,269961.39750355796,8.73512302466977,0.1840740414486175,Female,1
57982.54823397401,647,194022.0621686802,3.592607851617613,0.44147828559241586,Male,0
90862.43204567548,764,147372.6404064945,7.653327312145214,0.43540101012945487,Female,1
50634.81915430164,720,230663.2772330572,3.3671767012263856,0.4443179559440681,Male,0
52720.41246948198,697,188339.5750896803,6.596067296818358,0.41870914422793815,Male,0
47083.68134739644,695,210560.46996122284,0.0,0.1665677751726411,Male,0
45192.30709273224,686,211712.96322283827,10.116087069539251,0.13381304611742895,Female,0
71082.15721331254,701,208262.00250324627,5.078555447557395,0.45584055804975787,Male,0
36442.490945652346,670,153449.9144183779,6.856580990433907,0.23799313827835133,Female,0
55504.85027989819,682,220519.1638393446,3.7404590125063133,0.21376812956151664,Male,0
54440.78501870841,688,234347.83160493386,0.6811756076035183,0.23025791077995708,Male,0
72535.38168097712,716,214002.26713487023,5.985932077414426,0.46672931680936813,Male,0
74974.6634722194,743,164935.5214604225,3.410696882230878,0.11627991810152305,Male,1
68596.917198618,854,174295.55978160512,0.0,0.3802027982715521,Male,1
86210.44796873338,742,252538.71452360565,3.527153150804401,0.36824232388853817,Male,1
68332.68969513373,765,224003.18089520518,3.109303779060683,0.26040392790918676,Female,1
74293.11820804408,764,315881.8394336939,4.634933942938192,0.13716466453188134,Male,1
63588.702961667244,770,264460.1525703437,4.220836486770403,0.21777231117978177,Male,1
38047.27577801822,763,236911.8615408081,5.466534811290683,0.47490481791113615,Female,1
67842.5323205325,808,302435.41288494255,9.634524387254775,0.39462288118793787,Female,1
55109.647017482384,759,273579.2541284947,9.171930787849872,0.14889367714181045,Female,1
68925.44198753347,618,94265.32004631322,0.34692145405004027,0.28120960544048257,Male,0
86938.16509643283,689,212837.53993308937,1.780429177798852,0.4410946982927727,Female,1
63370.27088627829,698,183109.24529042986,6.7078679698101915,0.22566696511678544,Female,1
84233.74235322347,768,188062.36989682828,2.8136294108678497,0.21628194236175285,Male,1
63366.77727839958,698,85711.1377752525,6.855669070933773,0.41593916339413906,Male,0
67725.5290081299,661,180026.72547635736,8.157641932204246,0.30570859817702045,Female,0
40196.501894690366,696,120492.9084659851,4.345983106636628,0.45351098328343464,Female,0
82154.01639177412,625,196488.81897126872,7.303812990549611,0.12260584975522493,Male,0
57345.79158758926,630,220453.24691670286,5.175826752115378,0.2888029928469318,Male,0
80308.0856124812,774,135720.44996219862,3.57462416466619,0.37119920609703383,Female,1
87488.35565218802,578,215643.28257454556,6.936794236878637,0.1590913223402297,Female,0
50897.02233214237,733,249057.48577851764,4.005501835101457,0.38967697866166195,Male,1
69202.76959095625,779,142152.93013852643,0.0,0.17484336916690124,Female,1
44749.75307135254,703,225526.7689225618,3.2847925317519993,0.16662650003376245,Male,0
73988.86247809634,620,168628.96327868133,5.215005661640732,0.2496851182956232,Male,0
42366.08091562723,697,315297.329298387,2.3545445030437415,0.14196175453972454,Female,0
69640.84139801316,663,255834.06375337613,1.7880007814294654,0.3840443567624853,Male,0
71913.97019432741,670,145712.61446092254,0.0,0.2756282458967758,Female,0
36770.7255170438,658,232846.4533171044,6.401272831980724,0.17158472685400042,Male,0
54449.83455176809,699,172542.0529118112,5.8064148033176926,0.18919098991507255,Male,0
85275.21418062763,702,193459.97031365221,12.337308707341052,0.26049199984467675,Male,1
35986.44032285227,693,231384.02089372373,2.9187001775097485,0.1883992630094541,Male,0
53482.55658851527,655,156801.00754619608,7.467718763601441,0.14383914813405083,Female,1
70168.12979296362,687,215847.60034920578,8.29875339298301,0.21252418818829702,Female,0
70230.7809856893,748,144935.6755080086,12.32376753579602,0.2127833308570582,Male,1
39021.48639271288,702,221928.96454605027,5.526722254777465,0.2358607380067822,Female,0
69310.08146326017,695,191792.5293639113,6.105492760517116,0.3179118461480399,Male,0
33772.02040142729,632,167861.1808550026,4.01503717192832,0.1143237177670923,Male,0
65366.81040522425,709,172386.93739436957,9.992576164351698,0.41903973979591547,Male,0
57294.12477356388,689,199908.56205779497,7.291708725726933,0.31401168510751354,Female,0
53201.2738646548,704,222017.69969389567,0.0,0.3016593958913265,Male,0
69994.68751363817,661,156785.7369029732,6.278469678938555,0.3678983229702557,Female,0
55214.19096500073,724,132975.56793167815,0.0,0.2355527544994697,Female,1
92847.04399826509,725,245327.20785549819,3.8006884656708273,0.448654708208022,Female,1
67509.98582071814,674,151486.43370458807,5.688717923222759,0.33251309278442387,Male,0
77689.45776095739,635,224572.2755447201,5.323280166357629,0.3916413134379505,Female,0
67708.61774488373,706,222244.7947504942,6.563647373566175,0.16669822745037466,Female,1
67378.78757259759,659,199809.79331646004,9.542842207161451,0.4504893172526564,Male,0
87139.59524599665,739,280852.2462260841,6.101599396326164,0.19499067800224965,Female,1
56602.738517252525,724,208824.20918314764,0.0,0.30770536579513774,Female,1
39156.41299854606,686,227403.34623535853,5.849392466958575,0.11820169511611844,Male,0
90091.39332238684,783,174986.94917066622,4.218175002998126,0.12103474408575084,Male,1
81470.50172746775,726,245285.88002486827,1.959182472936594,0.3068623881955832,Female,1
78584.19529409157,677,202995.26283982192,0.7495294161524306,0.25470808344118306,Female,0
50415.57378465746,704,156165.14571903535,3.6290244985243056,0.23806298565439207,Male,1
46000.98061390206,701,176532.67667866443,6.614634816476771,0.48535735134793967,Female,0
72876.76674984998,713,222291.94376146235,6.709629127938569,0.48299621240848845,Female,0
72187.88733591296,624,209003.55188479906,6.369067919398089,0.49581924771795083,Female,0
65856.97274893335,683,124847.65703212596,0.0,0.3406248275287601,Female,0
62698.41226730218,713,215722.22954374264,0.7418469326118782,0.48680639551958915,Male,0
61160.524614714275,724,247899.69707400096,3.702021459810224,0.2572985859168151,Male,1
47875.525719672725,663,203612.6024118958,5.471437351107603,0.22354608040486312,Female,0
70961.46178599788,803,239414.5828318002,5.544383190441916,0.2302585968749813,Male,1
58559.10150413025,741,283362.8420874767,5.975778494688746,0.46199075271267254,Female,1
70203.24158175674,759,89208.87874896658,5.948821340779141,0.1962195392858348,Male,1
63115.31530744667,679,177305.42919234358,6.005951769191923,0.39830053199371085,Female,0
36651.271520103735,681,240035.09737727884,3.0294935939167087,0.11447391901317006,Male,0
59753.65655890872,623,184958.70219838506,1.6716333336613407,0.43016577502952436,Male,0
55179.2123752051,692,177759.6580914755,4.363267070480209,0.17834887403165497,Female,0
66821.11368211702,696,209372.96910444554,1.8837966975119897,0.38668991307258027,Male,0
52109.4773599863,671,133488.6872179331,5.090421983945532,0.3924143033313243,Female,0
50228.72994578327,675,198245.1766607703,1.7789214614076077,0.13875686446566726,Male,1
62125.753704598574,694,164804.18372922277,6.712822981826595,0.27612519030076227,Male,0
48106.907516064835,802,149785.47182528733,2.803101350788735,0.37289170703063357,Female,1
37716.59440444542,610,208926.45848602388,5.616459282680061,0.3102527658398016,Male,0
50741.20220179615,688,242030.33563916915,6.217550800078697,0.39357458189331374,Female,0
55783.495606710676,701,185106.65975215693,8.903306189072278,0.11525264563658909,Male,0
39305.72752816604,744,174793.56631741681,5.8990159320137785,0.44482034279045113,Male,1
68411.76789552352,721,145142.81751855928,3.5718123266663993,0.11399953650559427,Female,1
71806.26905613678,722,243576.2193043967,4.693981159618215,0.4208885275885207,Male,1
47846.213444784284,741,128554.76967441366,4.194135128185808,0.10487502040469701,Male,1
56377.53831193832,682,257110.3696442779,4.789910669575867,0.39829645462056107,Male,0
49641.88421525611,629,216618.61666119925,0.0,0.4876466123762955,Female,0
49434.84464185861,654,89011.10262740745,6.761172603783606,0.20088735730734883,Male,0
71675.41614249957,652,286284.68964073854,9.623963434403962,0.30016779833403273,Female,0
64931.436154552204,782,265493.25847167673,1.5507756338963214,0.25611564033573353,Male,1
59902.18027155813,704,191659.26296508033,2.2482150734681374,0.4369128394992864,Male,0
51394.49994092131,628,118725.38649000837,6.8122922790667015,0.13498006260110149,Male,0
70396.58410894717,759,158857.20492407837,1.1981699348818093,0.3109764182231114,Male,1
80616.57139756226,630,304970.3760251255,4.545807524175772,0.38684779421291693,Female,0
59818.66578230918,625,148739.04571312835,7.038119511722363,0.4726429980590644,Male,0
72338.17368154784,702,128658.67116093288,4.911944893652916,0.10022167383410158,Male,0
36446.629201643154,723,241103.30390162638,9.762201807246612,0.2340497066784899,Female,1
20463.783914746833,703,182377.3134181129,6.267885851577698,0.256851258787709,Female,0
46687.6173329685,630,295930.3166938104,10.70194712516626,0.48226217009661343,Male,0
66899.58214408674,725,264139.748441949,0.0,0.29671759202506276,Male,1
37987.121013713404,667,217315.63551124433,4.451295297728219,0.42607329291710117,Female,0
45403.96588677667,759,172235.97515473352,1.2724974892418381,0.40965386348297084,Female,1
56977.626990787234,751,210935.9133070744,6.432766458659015,0.24230428599772105,Female,1
59213.93324133796,670,244180.33929970846,1.6453041819319059,0.1329087562704826,Male,1
53860.76342830344,615,190837.7378395359,1.600872957867614,0.39844594288129453,Male,0
58278.95337799651,843,153037.92296589966,4.803769299213818,0.3186006855591532,Male,1
57939.42317400905,752,207530.12464223168,3.132158300122043,0.42703307513973443,Female,1
76690.32562484888,653,178204.92654547835,5.292466817071091,0.41063939287867524,Female,0
71354.82924968028,658,135525.9706395156,0.0,0.46063425048394513,Male,0
54457.096067499624,669,207523.72493869506,1.3750894530220021,0.384490912588201,Male,0
55645.88183717023,706,147059.992587609,9.723759073287027,0.1643821949826917,Female,1
52949.36778360748,718,174668.25831060403,6.5197630150918275,0.49299593271762476,Female,0
54224.67282430705,586,196585.68961178546,4.457577664738322,0.24617035212089888,Female,0
81341.2220414991,698,201716.66942844176,9.423446022134767,0.43177016167453286,Female,1
19546.700355876426,712,227645.26142997408,6.505700701102016,0.22563618209343123,Female,0
52667.258673205884,697,125740.69186500339,8.391579858611934,0.42142704056012403,Male,0
57190.06472390438,716,167576.53999904313,3.129209359002082,0.13814952315921103,Male,0
46441.38537802815,600,203921.96230418351,4.625845525290543,0.2708724649633487,Male,0
55567.795229562595,730,175716.06277124764,3.8768299003792577,0.4808495512523483,Male,1
73066.87055147538,590,190334.7886776015,6.713672630708718,0.15271466745364412,Female,0
89805.91667549162,671,121530.52023126582,2.6814988073331087,0.1190190435524654,Female,1
37277.29162971203,791,263928.7583969687,9.830878941448614,0.3260790084711005,Male,1
64006.89976517225,663,221398.13132763174,3.274440651069451,0.18610750961314393,Female,1
31656.889035817036,709,201221.5920089017,3.3746802919651944,0.1406015433214142,Female,0
42734.788745707396,710,186378.65495345643,0.0,0.17470736650800356,Female,0
59860.495182920786,698,164664.6615813497,3.235944442889099,0.4174085058561299,Male,0
64917.31759264628,698,195304.82156434763,5.354990656694606,0.4638455187531648,Female,0
55175.47423173926,783,161031.23373699415,5.820980357637506,0.19696636501794554,Female,1
84674.51570251926,664,108515.90923959586,0.0,0.13124172160836514,Female,1
37242.394549924815,655,178808.32308967583,4.272000615718633,0.23662049274204203,Female,0
48669.256014700164,708,225910.94752227058,1.5290106330069082,0.3574961833508986,Male,0
75779.21426584378,689,272692.01185609424,5.657926739396162,0.1553483447254553,Male,0
56613.355492701965,676,219961.40964696635,9.824201741518188,0.17231038193629072,Male,0
42031.831611167276,641,206208.78423723066,4.39574029976908,0.30814888657638717,Male,0
45155.57795144494,676,202151.54866606407,3.1122987098377415,0.3679796724012321,Female,0
59916.059717564305,709,203289.4324324481,6.3789119542244475,0.35638088793927025,Male,0
76759.43747382192,669,112285.75735887505,7.09115293651918,0.11831053577149026,Female,0
78716.131090106,727,228189.39375034574,2.104863258271461,0.16322452011665972,Female,1
57384.68613145746,682,237050.84756682246,4.829489443379151,0.3277967354080039,Male,0
63308.121405208,651,99912.99162618692,6.312118022539005,0.14441855491675934,Female,1
58173.78737425074,654,223427.00807730344,7.898418982583145,0.3448003750227473,Male,0
46057.33709711385,708,194141.39975128122,6.236213411198072,0.32225390288198796,Female,0
87186.72836995393,672,168539.39252352787,0.0,0.1888260698165568,Male,1
77815.19082692346,733,245113.56999717263,2.4494067625560327,0.1651433166551311,Male,1
36740.048534008005,695,215098.04500858823,8.661651811793698,0.44466286219881923,Female,0
79438.07672794521,645,241296.17915153265,3.5078914005792114,0.2728669020695944,Female,0
51395.97340654649,702,193878.20051263014,0.9703718282482985,0.22982571370219054,Male,1
85904.45776850107,657,172060.20905575214,0.986977441736947,0.2190658023717257,Female,1
59816.29840729628,745,265909.85336170124,9.232076961262685,0.30599296147832233,Female,1
68534.74618777914,772,153344.69614064455,0.4827565983075006,0.4262487084161547,Male,1
69212.50050065138,679,157513.95392611518,9.300900826453633,0.26363041382643826,Male,0
66995.37561669502,643,194320.39191490176,4.661056630680169,0.368709090544892,Male,0
90937.87378864718,599,271778.54965818115,3.6188230020300347,0.3084008691793428,Male,0
58789.251298371266,648,114198.33758446555,9.797369722510203,0.3547774301707516,Female,0
64820.35823175409,687,196282.73351207378,5.973037133584771,0.3618089076043768,Female,0
61227.440378213476,760,206112.1502273533,5.309352747336911,0.4000619295179687,Female,1
63043.845312769496,677,158708.3613380976,6.81621351428824,0.2975077965490647,Female,0
